cam.id,country,state,lat,lon,altitude.m,bam.depth.mean.wg.mapq20,species.id.pcangsd.admix.10.90,pcangsd.admix.prop.zea,pcangsd.admix.prop.arm,sex.depth.genital.consensous
110_N704_S504,Brazil,Mato Grosso,NA,NA,NA,11.08,arm,0.052988023,0.947012007,female
142_N703_S503,Brazil,Mato Grosso,NA,NA,NA,6.12,arm,0.04350666,0.956493378,female
BR0008,Brazil,Maranhao,NA,NA,NA,6.6,arm,0.000100009,0.999899983,male
BR0030,Brazil,Mato Grosso,NA,NA,NA,5.9,arm,1E-04,0.999899983,male
BR0032,Brazil,Mato Grosso,NA,NA,NA,3.61,arm,1E-04,0.999899983,male
BR0034,Brazil,Mato Grosso,NA,NA,NA,3.18,arm,0.025335168,0.974664867,female
BR0036,Brazil,Mato Grosso,NA,NA,NA,2.82,arm,0.023369234,0.976630747,male
BR0045,Brazil,Mato Grosso,NA,NA,NA,6.85,arm,1E-04,0.999899983,male
BR0050,Brazil,Mato Grosso,NA,NA,NA,7.51,arm,1E-04,0.999899983,male
BR0051,Brazil,Mato Grosso,NA,NA,NA,5.09,arm,1E-04,0.999899983,female
BR0086,Brazil,Mato Grosso,NA,NA,NA,5.51,arm,1E-04,0.999899983,male
BR0101,Brazil,Mato Grosso,NA,NA,NA,3.17,arm,0.013663894,0.986336112,cant.be.det
BR0135,Brazil,Mato Grosso,NA,NA,NA,6.39,arm,1E-04,0.999899983,male
Bra_Mig47_S4,Brazil,Mato Grosso,NA,NA,NA,19.57,zea,0.999899983,1E-04,male
Bra_Mig69_S3,Brazil,Mato Grosso,NA,NA,NA,18.28,zea,0.999899983,1E-04,male
Bra_Mig75_S2,Brazil,Mato Grosso,NA,NA,NA,15.89,zea,0.999899983,1E-04,female
Bra_Mig76_S1,Brazil,Mato Grosso,NA,NA,NA,14.26,zea,0.999899983,1E-04,female
CAM046001,Brazil,Roraima,2.938361,-61.005,87,0.88,arm,0.011963127,0.988036931,female
CAM046003,Brazil,Roraima,2.938361,-61.005,87,0.88,arm,0.010171265,0.989828765,cant.be.det
CAM046004,Brazil,Roraima,2.938361,-61.005,87,0.08,arm,0.056042526,0.943957508,cant.be.det
CAM046006,Brazil,Roraima,2.938361,-61.005,87,0.44,arm,0.004461913,0.995538116,male
CAM046012,Brazil,Roraima,2.938361,-61.005,87,2.23,arm,0.003478616,0.996521413,male
CAM046013,Brazil,Roraima,2.938361,-61.005,87,1.2,arm,0.015292981,0.984706998,cant.be.det
CAM046014,Brazil,Roraima,2.938361,-61.005,87,0.53,arm,0.010745634,0.989254355,cant.be.det
CAM046015,Brazil,Roraima,2.938361,-61.005,87,0.45,arm,0.017069194,0.982930839,female
CAM046018,Brazil,Roraima,2.938361,-61.005,87,0.31,arm,0.008048669,0.991951346,cant.be.det
CAM046020,Brazil,Roraima,2.938361,-61.005,87,0.25,arm,0.010927763,0.989072263,cant.be.det
CAM046021,Brazil,Roraima,2.938361,-61.005,87,1.64,arm,0.083770312,0.916229665,male
CAM046023,Brazil,Roraima,2.938361,-61.005,87,2.83,arm,1E-04,0.999899983,female
CAM046028,Brazil,Roraima,2.938361,-61.005,87,4.1,arm,1E-04,0.999899983,female
CAM046031,Brazil,Roraima,2.938361,-61.005,87,6.74,arm,0.007712291,0.992287695,male
CAM046034,Brazil,Roraima,2.938361,-61.005,87,10.36,arm,1E-04,0.999899983,female
CAM046035,Brazil,Roraima,2.938361,-61.005,87,6.43,arm,0.005949106,0.99405092,female
CAM046038,Brazil,Roraima,2.938361,-61.005,87,0.09,arm,0.05494291,0.945057094,female
CAM046039,Brazil,Roraima,2.938361,-61.005,87,3.33,arm,0.082664698,0.917335331,female
CAM046040,Brazil,Roraima,2.938361,-61.005,87,0.62,arm,0.041233107,0.958766937,cant.be.det
CAM046043,Brazil,Roraima,2.938361,-61.005,87,2.09,hyb,0.886269867,0.113730103,male
CAM046044,Brazil,Roraima,2.938361,-61.005,87,3.88,arm,1E-04,0.999899983,male
CAM046045,Brazil,Roraima,2.938361,-61.005,87,1.63,arm,0.009444907,0.990555048,female
CAM046046,Brazil,Roraima,2.938361,-61.005,87,0.49,arm,1E-04,0.999899983,cant.be.det
CAM046047,Brazil,Roraima,2.938361,-61.005,87,2.51,arm,0.013943566,0.986056447,female
CAM046048,Brazil,Roraima,2.938361,-61.005,87,2.3,arm,0.024279103,0.975720942,male
CAM046049,Brazil,Roraima,2.938361,-61.005,87,2.47,arm,0.000143684,0.999856293,male
CAM046050,Brazil,Roraima,2.938361,-61.005,87,0.48,arm,0.004331638,0.995668352,female
CAM046051,Brazil,Roraima,2.938361,-61.005,87,4.66,zea,0.94806999,0.051930025,male
CAM046054,Brazil,Roraima,2.938361,-61.005,87,3.31,arm,0.001527646,0.998472393,male
CAM046057,Brazil,Roraima,2.938361,-61.005,87,3.02,arm,0.006069676,0.99393034,female
CAM046059,Brazil,Roraima,2.938361,-61.005,87,0.17,hyb,0.265073031,0.734926999,female
CAM046061,Brazil,Roraima,2.938361,-61.005,87,12.78,arm,0.008475812,0.99152422,female
CAM046066,Brazil,Roraima,2.938361,-61.005,87,1.02,arm,0.004701777,0.995298207,female
CAM046067,Brazil,Roraima,2.938361,-61.005,87,14.27,arm,0.002529063,0.997470915,female
CAM046068,Brazil,Roraima,2.938361,-61.005,87,8.71,arm,0.00011977,0.999880195,male
CAM046069,Brazil,Roraima,2.938361,-61.005,87,4.62,arm,1E-04,0.999899983,female
CAM046070,Brazil,Roraima,2.938361,-61.005,87,4.03,arm,0.018148998,0.981850982,female
CAM046071,Brazil,Roraima,2.938361,-61.005,87,3.4,arm,0.002680755,0.997319281,female
CAM046072,Brazil,Roraima,2.938361,-61.005,87,2.28,arm,0.007497299,0.992502689,female
CAM046073,Brazil,Roraima,2.938361,-61.005,87,11.16,arm,0.006441716,0.993558288,female
CAM046074,Brazil,Roraima,2.938361,-61.005,87,3.58,arm,0.010781229,0.989218771,female
CAM046075,Brazil,Roraima,2.938361,-61.005,87,3.41,arm,0.014626162,0.985373795,female
CAM046076,Brazil,Roraima,2.938361,-61.005,87,2.82,arm,0.006061099,0.993938863,female
CAM046077,Brazil,Roraima,2.938361,-61.005,87,8.68,arm,1E-04,0.999899983,male
CAM046078,Brazil,Roraima,2.938361,-61.005,87,7.02,arm,1E-04,0.999899983,female
CAM046079,Brazil,Roraima,2.938361,-61.005,87,12.87,arm,0.001698986,0.998301029,female
CAM046080,Brazil,Roraima,2.938361,-61.005,87,1.38,arm,0.017929036,0.982070982,female
CAM046081,Brazil,Roraima,2.938361,-61.005,87,2.93,arm,0.020897014,0.979102969,male
CAM046084,Brazil,Roraima,2.938361,-61.005,87,2.5,arm,0.022266185,0.977733791,female
CAM046086,Brazil,Roraima,2.938361,-61.005,87,2.22,hyb,0.219654217,0.780345798,cant.be.det
CAM046087,Brazil,Roraima,2.938361,-61.005,87,39.52,arm,1E-04,0.999899983,female
CAM046089,Brazil,Roraima,2.938361,-61.005,87,8.17,arm,0.002274775,0.997725248,female
CAM046091,Brazil,Rio Grande do Sul,-28.226633,-52.403625,682,3.84,zea,0.971670449,0.028329609,female
CAM046092,Brazil,Rio Grande do Sul,-28.226633,-52.403625,682,3.96,arm,0.01378324,0.986216784,male
CAM046093,Brazil,Rio Grande do Sul,-28.226633,-52.403625,682,3.4,arm,0.008921525,0.991078496,female
CAM046096,Brazil,Rio Grande do Sul,-28.226633,-52.403625,682,10.1,arm,0.00102062,0.99897939,female
CAM046097,Brazil,Rio Grande do Sul,-28.226633,-52.403625,682,2.25,arm,0.011698246,0.988301754,female
CAM046098,Brazil,Rio Grande do Sul,-28.226633,-52.403625,682,6.27,zea,0.954980195,0.045019787,female
CAM046101,Brazil,Rio Grande do Sul,-28.226633,-52.403625,682,7.61,zea,0.98292309,0.017076923,female
CAM046105,Brazil,Rio Grande do Sul,-28.226633,-52.403625,682,7.89,arm,1E-04,0.999899983,female
CAM046108,Brazil,Rio Grande do Sul,-28.226633,-52.403625,682,1.26,arm,0.000100001,0.999899983,female
CAM046109,Brazil,Rio Grande do Sul,-28.226633,-52.403625,682,3.74,arm,1E-04,0.999899983,male
CAM046113,Brazil,Rio Grande do Sul,-28.226633,-52.403625,682,5.5,arm,0.010520725,0.989479244,male
CAM046114,Brazil,Rio Grande do Sul,-28.226633,-52.403625,682,4.57,arm,0.026669566,0.973330438,female
CAM046117,Brazil,Rio Grande do Sul,-28.226633,-52.403625,682,7.61,zea,0.979676604,0.02032339,female
CAM046118,Brazil,Rio Grande do Sul,-28.226633,-52.403625,682,1.52,zea,0.977844238,0.022155743,female
CAM046120,Brazil,Rio Grande do Sul,-28.226633,-52.403625,682,2.81,zea,0.956786156,0.043213826,male
CAM046121,Brazil,Rio Grande do Sul,-28.226633,-52.403625,682,11.33,zea,0.963873804,0.036126174,female
CAM046122,Brazil,Rio Grande do Sul,-28.226633,-52.403625,682,4.94,arm,0.000100021,0.999899983,female
CAM046124,Brazil,Rio Grande do Sul,-28.226633,-52.403625,682,4.51,arm,0.024822993,0.97517699,male
CAM046125,Brazil,Rio Grande do Sul,-28.226633,-52.403625,682,2.6,zea,0.965892255,0.034107741,female
CAM046126,Brazil,Rio Grande do Sul,-28.226633,-52.403625,682,2.2,arm,0.011362989,0.98863703,female
CAM046127,Brazil,Rio Grande do Sul,-28.226633,-52.403625,682,10.8,arm,0.014617174,0.985382855,male
CAM046128,Brazil,Rio Grande do Sul,-28.226633,-52.403625,682,2.33,arm,0.014970492,0.985029519,female
CAM046131,Brazil,Rio Grande do Sul,-28.226633,-52.403625,682,10.25,zea,0.955617368,0.044382587,male
CAM046132,Brazil,Rio Grande do Sul,-28.226633,-52.403625,682,0.59,zea,0.981570125,0.018429864,cant.be.det
CAM046136,Brazil,Rio Grande do Sul,-28.226633,-52.403625,682,4.59,zea,0.972157896,0.027842142,male
CAM046137,Brazil,Rio Grande do Sul,-28.226633,-52.403625,682,8.77,zea,0.98724401,0.012756,male
CAM046138,Brazil,Rio Grande do Sul,-28.226633,-52.403625,682,0.88,zea,0.999711454,0.000288522,female
CAM046141,Brazil,Rio Grande do Sul,-28.226633,-52.403625,682,6.88,zea,0.998688281,0.001311717,male
CAM046142,Brazil,Rio Grande do Sul,-28.226633,-52.403625,682,10.15,zea,0.995428801,0.004571198,male
CAM046144,Brazil,Rio Grande do Sul,-28.226633,-52.403625,682,2.72,zea,0.9231112,0.076888807,male
CAM046145,Brazil,Rio Grande do Sul,-28.226633,-52.403625,682,3.21,zea,0.930577099,0.069422849,female
CAM046146,Brazil,Rio Grande do Sul,-28.226633,-52.403625,682,10.74,zea,0.98254019,0.017459832,male
CAM046147,Brazil,Rio Grande do Sul,-28.226633,-52.403625,682,3.03,zea,0.999899983,1E-04,male
CAM046148,Brazil,Rio Grande do Sul,-28.226633,-52.403625,682,9.71,zea,0.999288082,0.000711911,male
CAM046210,Brazil,Mato Grosso,-11.876036,-55.597822,380,0.35,hyb,0.234749883,0.765250087,male
CAM046211,Brazil,Mato Grosso,-11.876036,-55.597822,380,0.82,arm,0.057449032,0.942550957,female
CAM046212,Brazil,Mato Grosso,-11.876036,-55.597822,380,0.77,arm,0.004582586,0.995417356,female
CAM046213,Brazil,Mato Grosso,-11.876036,-55.597822,380,0.6,arm,0.005516415,0.99448359,cant.be.det
CAM046214,Brazil,Mato Grosso,-11.876036,-55.597822,380,6.09,arm,0.004503345,0.99549669,female
CAM046215,Brazil,Mato Grosso,-11.876036,-55.597822,380,7.29,arm,0.004352636,0.995647371,female
CAM046219,Brazil,Mato Grosso,-11.876036,-55.597822,380,6.05,arm,0.004738231,0.995261729,male
CAM046220,Brazil,Mato Grosso,-11.876036,-55.597822,380,6.49,arm,0.017281197,0.982718766,female
CAM046221,Brazil,Mato Grosso,-11.876036,-55.597822,380,6.68,arm,1E-04,0.999899983,female
CAM046222,Brazil,Mato Grosso,-11.876036,-55.597822,380,1.6,arm,0.005894801,0.99410516,female
CAM046223,Brazil,Mato Grosso,-11.876036,-55.597822,380,12.04,arm,0.014576711,0.985423326,male
CAM046224,Brazil,Mato Grosso,-11.876036,-55.597822,380,1.6,arm,0.004750662,0.995249331,male
CAM046225,Brazil,Mato Grosso,-11.876036,-55.597822,380,6.11,arm,1E-04,0.999899983,female
CAM046226,Brazil,Mato Grosso,-11.876036,-55.597822,380,7.79,arm,0.003664743,0.996335208,female
CAM046227,Brazil,Mato Grosso,-11.876036,-55.597822,380,2.94,arm,0.019702051,0.980297983,male
CAM046228,Brazil,Mato Grosso,-11.876036,-55.597822,380,5.54,arm,0.001770392,0.998229563,female
CAM046229,Brazil,Mato Grosso,-11.876036,-55.597822,380,1.4,arm,0.002277135,0.997722864,female
CAM046230,Brazil,Mato Grosso,-11.876036,-55.597822,380,5.93,arm,0.000106242,0.999893785,male
CAM046231,Brazil,Mato Grosso,-11.876036,-55.597822,380,3.99,arm,0.029076621,0.970923364,male
CAM046232,Brazil,Mato Grosso,-11.876036,-55.597822,380,2.83,arm,0.02075406,0.979245961,male
CAM046233,Brazil,Mato Grosso,-11.876036,-55.597822,380,6.87,arm,0.003726879,0.9962731,male
CAM046234,Brazil,Mato Grosso,-11.876036,-55.597822,380,0.25,arm,0.049248237,0.950751722,cant.be.det
CAM046235,Brazil,Mato Grosso,-11.876036,-55.597822,380,2.05,arm,0.000286895,0.999713123,male
CAM046236,Brazil,Mato Grosso,-11.876036,-55.597822,380,0.8,arm,0.00792075,0.992079258,cant.be.det
CAM046237,Brazil,Mato Grosso,-11.876036,-55.597822,380,0.5,arm,0.012888184,0.987111866,cant.be.det
CAM046238,Brazil,Mato Grosso,-11.876036,-55.597822,380,6.22,arm,1E-04,0.999899983,male
CAM046239,Brazil,Mato Grosso,-11.876036,-55.597822,380,3.1,arm,0.006195211,0.993804753,male
CAM046240,Brazil,Mato Grosso,-11.876036,-55.597822,380,0.43,arm,0.005123032,0.994876981,cant.be.det
CAM046241,Brazil,Mato Grosso,-11.876036,-55.597822,380,1.18,arm,0.011332759,0.98866725,male
CAM046242,Brazil,Mato Grosso,-11.876036,-55.597822,380,5.16,arm,0.001387288,0.998612761,male
CAM046243,Brazil,Mato Grosso,-11.876036,-55.597822,380,6.61,arm,0.009241189,0.990758836,female
CAM046244,Brazil,Mato Grosso,-11.876036,-55.597822,380,4.35,arm,0.013378495,0.986621499,female
CAM046245,Brazil,Mato Grosso,-11.876036,-55.597822,380,6.73,arm,0.001943489,0.998056471,male
CAM046246,Brazil,Mato Grosso,-11.876036,-55.597822,380,15.34,arm,0.003554147,0.996445835,male
CAM046247,Brazil,Mato Grosso,-11.876036,-55.597822,380,5.06,arm,0.006525361,0.993474662,female
CAM046248,Brazil,Mato Grosso,-11.876036,-55.597822,380,5.3,arm,0.010808122,0.98919189,female
CAM046249,Brazil,Mato Grosso,-11.876036,-55.597822,380,3,arm,0.020698946,0.979301035,female
CAM046250,Brazil,Mato Grosso,-11.876036,-55.597822,380,3.65,arm,0.026063342,0.973936677,female
CAM046251,Brazil,Mato Grosso,-11.876036,-55.597822,380,5.15,arm,0.005852801,0.994147241,male
CAM046252,Brazil,Mato Grosso,-11.876036,-55.597822,380,4.32,arm,0.025493627,0.974506319,male
CAM046253,Brazil,Mato Grosso,-11.876036,-55.597822,380,4.2,arm,0.000100009,0.999899983,male
CAM046254,Brazil,Mato Grosso,-11.876036,-55.597822,380,5.67,arm,0.00999801,0.990001976,male
CAM046255,Brazil,Mato Grosso,-11.876036,-55.597822,380,3.79,arm,0.015877692,0.984122336,female
CAM046256,Brazil,Mato Grosso,-11.876036,-55.597822,380,4.61,arm,0.012496814,0.987503231,female
CAM046257,Brazil,Mato Grosso,-11.876036,-55.597822,380,4.47,arm,0.004102486,0.995897532,female
CAM046258,Brazil,Mato Grosso,-11.876036,-55.597822,380,3.77,arm,0.026489355,0.973510623,female
CAM046259,Brazil,Mato Grosso,-11.876036,-55.597822,380,2.38,arm,0.019186979,0.980813026,female
CAM046260,Brazil,Mato Grosso,-11.876036,-55.597822,380,3.17,arm,0.012557045,0.987442911,female
CAM046263,Brazil,Mato Grosso,-11.876036,-55.597822,380,3.47,arm,0.013868809,0.986131191,male
CAM046264,Brazil,Mato Grosso,-11.876036,-55.597822,380,4.07,arm,0.010287157,0.989712834,male
CAM046265,Brazil,Mato Grosso,-11.876036,-55.597822,380,3.33,arm,0.003620031,0.996379972,male
CAM046268,Brazil,Mato Grosso,-11.876036,-55.597822,380,0.37,zea,0.987051606,0.01294837,cant.be.det
CAM046269,Brazil,Mato Grosso,-11.876036,-55.597822,380,0.19,hyb,0.814181268,0.185818702,female
CAM046270,Brazil,Mato Grosso do Sul,-18.780444,-52.517097,806,1.41,zea,0.986174762,0.013825247,female
CAM046271,Brazil,Mato Grosso do Sul,-18.780444,-52.517097,806,2.25,zea,0.995893836,0.004106205,female
CAM046272,Brazil,Mato Grosso do Sul,-18.780444,-52.517097,806,2.38,arm,0.024743857,0.975256145,male
CAM046280,Brazil,Mato Grosso do Sul,-18.780444,-52.517097,806,7.33,zea,0.996982515,0.003017487,female
CAM046281,Brazil,Mato Grosso do Sul,-18.780444,-52.517097,806,0.14,hyb,0.848699689,0.151300266,female
CAM046284,Brazil,Mato Grosso do Sul,-18.780444,-52.517097,806,4.49,arm,1E-04,0.999899983,female
CAM046285,Brazil,Mato Grosso do Sul,-18.780444,-52.517097,806,1.39,arm,0.000100012,0.999899983,male
CAM046290,Brazil,Mato Grosso do Sul,-18.780444,-52.517097,806,7.85,zea,0.994517386,0.0054826,female
CAM046296,Brazil,Mato Grosso do Sul,-18.780444,-52.517097,806,3.77,arm,0.023932213,0.976067781,male
CAM046298,Brazil,Mato Grosso do Sul,-18.780444,-52.517097,806,2.95,arm,0.00010002,0.999899983,female
CAM046300,Brazil,Mato Grosso do Sul,-18.780444,-52.517097,806,3.69,arm,0.004715282,0.995284736,female
CAM046302,Brazil,Mato Grosso do Sul,-18.780444,-52.517097,806,8.09,arm,0.001362962,0.998637021,female
CAM046306,Brazil,Mato Grosso do Sul,-18.780444,-52.517097,806,2.56,zea,0.989077032,0.010922994,female
CAM046307,Brazil,Mato Grosso do Sul,-18.780444,-52.517097,806,7.54,zea,0.999899983,1E-04,female
CAM046308,Brazil,Mato Grosso do Sul,-18.780444,-52.517097,806,6.55,hyb,0.877395213,0.122604795,female
CAM046311,Brazil,Mato Grosso do Sul,-18.780444,-52.517097,806,4.89,arm,0.002927121,0.997072875,male
CAM046312,Brazil,Mato Grosso do Sul,-18.780444,-52.517097,806,8.39,arm,0.013357371,0.986642659,female
CAM046313,Brazil,Mato Grosso do Sul,-18.780444,-52.517097,806,6.22,hyb,0.621324837,0.378675193,female
CAM046314,Brazil,Mato Grosso do Sul,-18.780444,-52.517097,806,1.11,hyb,0.687218964,0.312781006,cant.be.det
CAM046315,Brazil,Mato Grosso do Sul,-18.780444,-52.517097,806,1.86,arm,0.006124887,0.993875086,female
CAM046316,Brazil,Mato Grosso do Sul,-18.780444,-52.517097,806,4.04,arm,0.019964917,0.980035067,male
CAM046317,Brazil,Mato Grosso do Sul,-18.780444,-52.517097,806,8.65,arm,0.023264565,0.976735413,male
CAM046318,Brazil,Mato Grosso do Sul,-18.780444,-52.517097,806,3.3,arm,0.014962923,0.985037088,male
CAM046319,Brazil,Mato Grosso do Sul,-18.780444,-52.517097,806,3.24,arm,0.015026291,0.984973729,male
CAM046321,Brazil,Mato Grosso do Sul,-18.780444,-52.517097,806,4.11,zea,0.999899983,1E-04,female
CAM046322,Brazil,Mato Grosso do Sul,-18.780444,-52.517097,806,6.98,zea,0.977611661,0.02238833,female
CAM046323,Brazil,Mato Grosso do Sul,-18.780444,-52.517097,806,4.8,zea,0.985851943,0.014148092,male
CAM046326,Brazil,Mato Grosso do Sul,-18.780444,-52.517097,806,6.1,zea,0.947659791,0.052340239,male
CAM046327,Brazil,Mato Grosso do Sul,-18.780444,-52.517097,806,2.97,zea,0.974955916,0.025044078,male
CAM046328,Brazil,Mato Grosso do Sul,-18.780444,-52.517097,806,5.39,zea,0.983272314,0.016727664,female
CAM046329,Brazil,Mato Grosso do Sul,-18.780444,-52.517097,806,3.36,zea,0.948350489,0.051649481,female
CAM046330,Brazil,Goias,-15.1725,-49.668612,NA,22.11,arm,0.001636706,0.998363316,female
CAM046331,Brazil,Goias,-15.1725,-49.668612,NA,35.83,arm,1E-04,0.999899983,male
CAM046332,Brazil,Goias,-15.1725,-49.668612,NA,13,arm,0.014659994,0.985339999,female
CAM046333,Brazil,Goias,-15.1725,-49.668612,NA,9.72,arm,0.011002308,0.988997698,female
CAM046334,Brazil,Goias,-15.1725,-49.668612,NA,33.76,arm,0.005336846,0.994663119,female
CAM046335,Brazil,Goias,-15.1725,-49.668612,1000,5.52,arm,0.018009162,0.981990814,male
CAM046336,Brazil,Goias,-15.1725,-49.668612,NA,45.33,arm,1E-04,0.999899983,female
CAM046337,Brazil,Goias,-15.1725,-49.668612,NA,18.25,arm,0.002441369,0.997558653,female
CAM046339,Brazil,Goias,-15.1725,-49.668612,1000,9.66,arm,1E-04,0.999899983,male
CAM046340,Brazil,Goias,-15.1725,-49.668612,1000,3.14,hyb,0.285483509,0.714516461,male
CAM046342,Brazil,Goias,-15.1725,-49.668612,1000,0.23,arm,0.066156901,0.933843136,cant.be.det
CAM046343,Brazil,Goias,-15.1725,-49.668612,1000,7.34,arm,0.006235025,0.993764937,female
CAM046344,Brazil,Goias,-15.1725,-49.668612,1000,0.37,hyb,0.233851582,0.766148388,cant.be.det
CAM046345,Brazil,Goias,-15.1725,-49.668612,1000,0.23,hyb,0.296141148,0.703858852,cant.be.det
CAM046346,Brazil,Goias,-15.1725,-49.668612,1000,12.07,arm,0.007465287,0.992534697,female
CAM046347,Brazil,Goias,-15.1725,-49.668612,1000,3.9,arm,1E-04,0.999899983,male
CAM046348,Brazil,Goias,-15.1725,-49.668612,1000,4.21,arm,0.002435761,0.997564256,female
CAM046349,Brazil,Goias,-15.1725,-49.668612,1000,6.98,arm,0.005017498,0.994982481,male
CAM046350,Brazil,Goias,-15.1725,-49.668612,1000,2.72,arm,0.017023737,0.982976258,male
CAM046351,Brazil,Goias,-15.1725,-49.668612,NA,25.86,arm,0.013706379,0.986293614,female
CAM046360,Brazil,Goias,-15.1725,-49.668612,NA,11.63,arm,0.002177037,0.99782294,male
CAM046361,Brazil,Goias,-15.1725,-49.668612,1000,0.19,hyb,0.118373372,0.881626606,cant.be.det
CAM046362,Brazil,Goias,-15.1725,-49.668612,NA,7.37,arm,0.015713952,0.98428607,female
CAM046363,Brazil,Goias,-15.1725,-49.668612,NA,16.32,arm,1E-04,0.999899983,female
CAM046364,Brazil,Goias,-15.1725,-49.668612,1000,1.04,arm,1E-04,0.999899983,male
CAM046365,Brazil,Goias,-15.1725,-49.668612,1000,12.2,arm,0.002564422,0.99743557,male
CAM046366,Brazil,Goias,-15.1725,-49.668612,1000,11.55,arm,0.012944593,0.987055421,male
CAM046367,Brazil,Goias,-15.1725,-49.668612,1000,8.85,arm,0.010030692,0.989969313,male
CAM046369,Brazil,Goias,-15.1725,-49.668612,1000,4.8,zea,0.999899983,1E-04,female
CAM046370,Brazil,Goias,-15.1725,-49.668612,1000,7.75,arm,1E-04,0.999899983,female
CAM046371,Brazil,Goias,-15.1725,-49.668612,1000,11.31,arm,0.004745846,0.995254159,male
CAM046372,Brazil,Goias,-15.1725,-49.668612,1000,6.27,arm,1E-04,0.999899983,male
CAM046373,Brazil,Goias,-15.1725,-49.668612,1000,0.59,arm,0.0001,0.999899983,cant.be.det
CAM046375,Brazil,Goias,-15.1725,-49.668612,1000,9.03,arm,1E-04,0.999899983,male
CAM046377,Brazil,Goias,-15.1725,-49.668612,1000,6.78,arm,0.006797847,0.99320215,female
CAM046379,Brazil,Goias,-15.1725,-49.668612,1000,0.49,arm,1E-04,0.999899983,cant.be.det
CAM046381,Brazil,Goias,-15.1725,-49.668612,1000,8.66,arm,1E-04,0.999899983,female
CAM046382,Brazil,Goias,-15.1725,-49.668612,1000,3.8,arm,0.016048383,0.983951628,male
CAM046383,Brazil,Goias,-15.1725,-49.668612,1000,3.88,arm,0.008913259,0.991086721,male
CAM046384,Brazil,Goias,-15.1725,-49.668612,1000,2.31,arm,0.02069211,0.97930789,male
CAM046390,Brazil,Goias,-15.1725,-49.668612,1000,6.29,arm,0.000994892,0.999005079,male
CAM046391,Brazil,Goias,-15.1725,-49.668612,1000,3.24,arm,0.008600336,0.991399646,male
CAM046392,Brazil,Goias,-15.1725,-49.668612,1000,9.99,arm,0.007362294,0.992637753,female
CAM046394,Brazil,Goias,-15.1725,-49.668612,1000,3.03,arm,1E-04,0.999899983,male
CAM046395,Brazil,Goias,-15.1725,-49.668612,1000,2.48,arm,1E-04,0.999899983,male
CAM046396,Brazil,Goias,-15.1725,-49.668612,1000,1.71,arm,0.00090222,0.999097764,male
CAM046397,Brazil,Goias,-15.1725,-49.668612,1000,4,arm,1E-04,0.999899983,male
CAM046399,Brazil,Goias,-15.1725,-49.668612,1000,3.71,arm,0.003598511,0.996401489,female
CAM046400,Brazil,Goias,-15.1725,-49.668612,1000,0.63,arm,0.00091297,0.999087036,cant.be.det
CAM046401,Brazil,Goias,-15.1725,-49.668612,1000,2.11,arm,0.001951265,0.998048723,male
CAM046402,Brazil,Goias,-15.1725,-49.668612,1000,3.78,arm,1E-04,0.999899983,female
CAM046404,Brazil,Goias,-15.1725,-49.668612,1000,5.6,arm,1E-04,0.999899983,male
CAM046405,Brazil,Goias,-15.1725,-49.668612,1000,7.16,arm,0.003228427,0.996771574,male
CAM046407,Brazil,Goias,-15.1725,-49.668612,1000,8.23,arm,1E-04,0.999899983,male
CAM046409,Brazil,Goias,-15.1725,-49.668612,1000,6.03,arm,0.006752868,0.993247151,male
CAM046410,Brazil,Goias,-15.1725,-49.668612,1000,6.22,arm,0.0082218,0.991778195,male
CAM046415,Brazil,Goias,-15.1725,-49.668612,1000,7.86,arm,0.013257069,0.986742914,male
CAM046417,Brazil,Goias,-15.1725,-49.668612,1000,7.83,arm,0.014925089,0.985074878,male
CAM046418,Brazil,Goias,-15.1725,-49.668612,1000,6.89,arm,0.004569336,0.995430648,male
CAM046419,Brazil,Goias,-15.1725,-49.668612,1000,7.77,arm,1E-04,0.999899983,male
CAM046420,Brazil,Goias,-15.1725,-49.668612,1000,0.19,zea,0.991206825,0.008793189,cant.be.det
CAM046421,Brazil,Goias,-15.1725,-49.668612,1000,2.19,arm,1E-04,0.999899983,male
CAM046423,Brazil,Goias,-15.1725,-49.668612,1000,1.71,zea,0.939220369,0.060779676,female
CAM046424,Brazil,Goias,-15.1725,-49.668612,1000,10.32,zea,0.970486581,0.029513407,female
CAM046425,Brazil,Goias,-15.1725,-49.668612,1000,1.47,zea,0.987020969,0.012979019,female
CAM046426,Brazil,Goias,-15.1725,-49.668612,1000,1.42,zea,0.928127348,0.071872644,male
CAM046427,Brazil,Goias,-15.1725,-49.668612,1000,8.61,arm,0.002055318,0.997944713,male
CAM046428,Brazil,Goias,-15.1725,-49.668612,1000,4.58,arm,0.093999043,0.906000912,male
CAM046429,Brazil,Goias,-15.1725,-49.668612,1000,0.88,arm,0.009542444,0.990457535,cant.be.det
CAM046433,Brazil,Goias,-15.1725,-49.668612,NA,15.09,arm,0.005532798,0.994467258,male
CAM046434,Brazil,Goias,-15.1725,-49.668612,1000,3.52,arm,0.007064668,0.992935359,male
CAM046436,Brazil,Goias,-15.1725,-49.668612,1000,6.18,arm,0.024552025,0.975448012,male
CAM046437,Brazil,Goias,-15.1725,-49.668612,1000,6.63,arm,1E-04,0.999899983,male
CAM046440,Brazil,Goias,-15.1725,-49.668612,1000,7.07,arm,1E-04,0.999899983,male
CAM046441,Brazil,Goias,-15.1725,-49.668612,1000,1.28,arm,1E-04,0.999899983,female
CAM046442,Brazil,Goias,-15.1725,-49.668612,1000,1.57,arm,0.021903189,0.978096783,female
CAM046444,Brazil,Goias,-15.1725,-49.668612,1000,10.52,arm,1E-04,0.999899983,male
CAM046446,Brazil,Goias,-15.1725,-49.668612,1000,1.5,arm,0.009726714,0.990273297,male
CAM046448,Brazil,Goias,-15.1725,-49.668612,NA,9.21,zea,0.987898052,0.012101985,female
CAM046449,Brazil,Goias,-15.1725,-49.668612,NA,6.65,zea,0.984972715,0.015027263,female
CAM046450,Brazil,Goias,-15.1725,-49.668612,NA,6.19,hyb,0.163892448,0.836107552,male
CAM046451,Brazil,Goias,-15.1725,-49.668612,NA,16.48,zea,0.999899983,1E-04,male
CAM046454,Brazil,Goias,-15.1725,-49.668612,1000,4.26,zea,0.960644126,0.039355844,female
CAM046455,Brazil,Goias,-15.1725,-49.668612,NA,4.23,hyb,0.3039895,0.69601053,male
CAM046456,Brazil,Goias,-15.1725,-49.668612,NA,8.73,zea,0.978972077,0.0210279,female
CAM046457,Brazil,Goias,-15.1725,-49.668612,NA,13.58,arm,0.001125048,0.998874903,female
CAM046458,Brazil,Goias,-15.1725,-49.668612,NA,12.64,zea,0.992649436,0.007350596,female
CAM046459,Brazil,Goias,-15.1725,-49.668612,NA,13.97,zea,0.988524258,0.011475768,female
CAM046460,Brazil,Goias,-15.1725,-49.668612,NA,13.9,zea,0.987048149,0.012951801,male
CAM046462,Brazil,Goias,-15.1725,-49.668612,NA,13.95,zea,0.993678868,0.006321186,female
CAM046463,Brazil,Goias,-15.1725,-49.668612,NA,16.39,zea,0.999429226,0.000570749,female
CAM046464,Brazil,Goias,-15.1725,-49.668612,NA,18.7,zea,0.987398446,0.012601511,male
CAM046465,Brazil,Goias,-15.1725,-49.668612,NA,17.72,hyb,0.109696329,0.890303671,male
CAM046466,Brazil,Goias,-15.1725,-49.668612,NA,17.37,hyb,0.409632802,0.590367138,male
CAM046468,Brazil,Goias,-15.1725,-49.668612,1000,2.45,arm,1E-04,0.999899983,female
CAM046469,Brazil,Goias,-15.1725,-49.668612,NA,12.67,arm,0.006144591,0.993855357,male
CAM046471,Brazil,Goias,-15.1725,-49.668612,1000,6.02,zea,0.99390769,0.006092345,male
CAM046472,Brazil,Goias,-15.1725,-49.668612,NA,12.37,arm,0.005449647,0.994550347,male
CAM046473,Brazil,Goias,-15.1725,-49.668612,NA,11.54,arm,0.005350344,0.994649649,male
CAM046476,Brazil,Goias,-15.1725,-49.668612,1000,6.22,zea,0.984819472,0.015180572,male
CAM046477,Brazil,Goias,-15.1725,-49.668612,NA,9.41,arm,0.000876905,0.999123096,male
CAM046478,Brazil,Goias,-15.1725,-49.668612,1000,10.45,arm,0.010975072,0.989024878,male
CAM046479,Brazil,Goias,-15.1725,-49.668612,NA,29.75,zea,0.999899983,1E-04,female
CAM046480,Brazil,Bahia,-13.29989189,-45.97986972,NA,2.39,arm,0.008795838,0.991204143,male
CAM046481,Brazil,Bahia,-13.29989189,-45.97986972,NA,0.1,arm,0.009558254,0.99044174,cant.be.det
CAM046482,Brazil,Bahia,-13.29989189,-45.97986972,NA,3.46,zea,0.961291671,0.038708284,female
CAM046483,Brazil,Bahia,-13.29989189,-45.97986972,NA,3.46,zea,0.959831595,0.040168423,female
CAM046484,Brazil,Bahia,-13.29989189,-45.97986972,NA,5.35,arm,0.01610007,0.983899891,female
CAM046485,Brazil,Bahia,-13.29989189,-45.97986972,NA,23.26,arm,0.00553976,0.994460225,female
CAM046486,Brazil,Bahia,-13.29989189,-45.97986972,NA,14.84,arm,0.011645189,0.988354802,female
CAM046487,Brazil,Bahia,-13.29989189,-45.97986972,NA,30.27,arm,1E-04,0.999899983,male
CAM046488,Brazil,Bahia,-13.29989189,-45.97986972,NA,17.6,arm,0.001941248,0.998058736,male
CAM046489,Brazil,Bahia,-13.29989189,-45.97986972,NA,4.73,arm,0.014755488,0.985244513,female
CAM046490,Brazil,Bahia,-13.29989189,-45.97986972,NA,5.19,arm,1E-04,0.999899983,male
CAM046491,Brazil,Bahia,-13.29989189,-45.97986972,NA,7.84,arm,1E-04,0.999899983,female
CAM046492,Brazil,Bahia,-13.29989189,-45.97986972,NA,8.45,arm,0.008199064,0.991800964,male
CAM046493,Brazil,Bahia,-13.29989189,-45.97986972,NA,11.62,arm,1E-04,0.999899983,female
CAM046494,Brazil,Bahia,-13.40210605,-46.09504532,NA,7.42,arm,0.006248317,0.993751645,male
CAM046495,Brazil,Bahia,-13.40210605,-46.09504532,NA,6.31,arm,1E-04,0.999899983,female
CAM046496,Brazil,Bahia,-13.29989189,-45.97986972,NA,5.53,hyb,0.512373567,0.487626433,female
CAM046497,Brazil,Bahia,-13.40210605,-46.09504532,NA,21.41,arm,0.008496598,0.991503417,male
CAM046498,Brazil,Bahia,-13.29989189,-45.97986972,NA,2.16,arm,0.028135598,0.971864402,female
CAM046499,Brazil,Bahia,-13.29989189,-45.97986972,NA,7.73,hyb,0.519457579,0.480542392,female
CAM046500,Brazil,Bahia,-13.29989189,-45.97986972,NA,9.05,arm,0.013576913,0.986423075,female
CAM046501,Brazil,Bahia,-13.29989189,-45.97986972,NA,7.73,arm,0.024196759,0.975803256,female
CAM046502,Brazil,Bahia,-13.29989189,-45.97986972,NA,10.97,arm,1E-04,0.999899983,female
CAM046503,Brazil,Bahia,-13.29989189,-45.97986972,NA,9.31,arm,1E-04,0.999899983,female
CAM046507,Brazil,Bahia,-11.29435809,-46.06507699,NA,7.56,arm,1E-04,0.999899983,female
CAM046508,Brazil,Bahia,-11.29435809,-46.06507699,NA,5.48,arm,0.004075066,0.99592495,female
CAM046510,Brazil,Bahia,-11.29435809,-46.06507699,NA,6.99,arm,0.008175979,0.991824031,female
CAM046511,Brazil,Bahia,-11.29435809,-46.06507699,NA,0.64,arm,0.035841804,0.964158177,cant.be.det
CAM046512,Brazil,Bahia,-11.29435809,-46.06507699,NA,4.1,arm,1E-04,0.999899983,female
CAM046515,Brazil,Bahia,-11.29435809,-46.06507699,NA,1.36,arm,0.072538845,0.927461147,female
CAM046516,Brazil,Bahia,-11.29435809,-46.06507699,NA,1.55,arm,0.090243384,0.90975666,male
CAM046517,Brazil,Bahia,-11.29435809,-46.06507699,NA,1.85,arm,0.023505863,0.976494133,female
CAM046518,Brazil,Bahia,-11.29435809,-46.06507699,NA,3.41,arm,0.015466938,0.984533072,female
CAM046520,Brazil,Bahia,-11.29435809,-46.06507699,NA,8.84,arm,1E-04,0.999899983,male
CAM046521,Brazil,Bahia,-11.29435809,-46.06507699,NA,7.55,arm,0.004418293,0.995581686,female
CAM046523,Brazil,Bahia,-11.29435809,-46.06507699,NA,1.84,arm,0.006890216,0.993109763,male
CAM046526,Brazil,Bahia,-11.29435809,-46.06507699,NA,2.54,arm,0.047032751,0.952967227,cant.be.det
CAM046527,Brazil,Bahia,-11.29435809,-46.06507699,NA,0.28,arm,0.041515585,0.958484411,cant.be.det
CAM046529,Brazil,Bahia,-11.29435809,-46.06507699,NA,2.49,arm,0.098143652,0.901856363,male
CAM046530,Brazil,Bahia,-13.008656,-46.107366,NA,1.25,arm,0.011686259,0.988313735,female
CAM046531,Brazil,Bahia,-13.008656,-46.107366,NA,1.1,arm,0.004079849,0.995920181,cant.be.det
CAM046532,Brazil,Bahia,-13.008656,-46.107366,NA,6.76,arm,0.000100003,0.999899983,cant.be.det
CAM046533,Brazil,Bahia,-13.008656,-46.107366,NA,0.5,arm,0.010591,0.98940897,cant.be.det
CAM046534,Brazil,Bahia,-13.008656,-46.107366,NA,6.28,arm,1E-04,0.999899983,male
CAM046535,Brazil,Bahia,-13.008656,-46.107366,NA,2.46,arm,0.005164527,0.994835496,female
CAM046536,Brazil,Bahia,-13.008656,-46.107366,NA,6.64,arm,0.006800894,0.99319911,male
CAM046537,Brazil,Bahia,-13.008656,-46.107366,NA,1.04,arm,0.002440053,0.997559965,cant.be.det
CAM046538,Brazil,Bahia,-13.008656,-46.107366,NA,0.24,arm,0.027945297,0.97205472,cant.be.det
CAM046539,Brazil,Bahia,-13.008656,-46.107366,NA,1.33,arm,1E-04,0.999899983,male
CAM046540,Brazil,Bahia,-13.40210605,-46.09504532,NA,0.23,arm,0.025212951,0.974787056,cant.be.det
CAM046545,Brazil,Bahia,-14.31344948,-45.49183549,NA,4.84,arm,1E-04,0.999899983,male
CAM046546,Brazil,Bahia,-14.31344948,-45.49183549,NA,4.69,arm,0.018399794,0.981600165,cant.be.det
CAM046547,Brazil,Bahia,-14.31344948,-45.49183549,NA,2.54,arm,0.016032917,0.983967125,female
CAM046548,Brazil,Bahia,-14.31344948,-45.49183549,NA,1.35,arm,0.005342111,0.994657934,male
CAM046549,Brazil,Bahia,-13.40210605,-46.09504532,NA,2.09,arm,0.005537588,0.99446243,female
CAM046552,Brazil,Bahia,-13.76140743,-46.16299238,NA,2.08,arm,1E-04,0.999899983,male
CAM046553,Brazil,Bahia,-13.76140743,-46.16299238,NA,3.38,arm,1E-04,0.999899983,male
CAM046554,Brazil,Bahia,-13.76140743,-46.16299238,NA,2.77,arm,1E-04,0.999899983,female
CAM046555,Brazil,Bahia,-13.40210605,-46.09504532,NA,0.53,arm,0.01990623,0.980093777,cant.be.det
CAM046557,Brazil,Bahia,-13.40210605,-46.09504532,NA,3.21,arm,0.008629806,0.991370201,female
CAM046558,Brazil,Bahia,-13.40210605,-46.09504532,NA,3.23,arm,0.007812327,0.992187619,male
CAM046560,Brazil,Bahia,-13.76140743,-46.16299238,NA,5.65,arm,1E-04,0.999899983,male
CAM046561,Brazil,Bahia,-13.76140743,-46.16299238,NA,2.55,arm,1E-04,0.999899983,female
CAM046562,Brazil,Bahia,-13.76140743,-46.16299238,NA,8.55,arm,1E-04,0.999899983,male
CAM046565,Brazil,Bahia,-11.78602353,-44.3757592,NA,15.23,arm,0.000183104,0.999816895,female
CAM046566,Brazil,Bahia,-11.78602353,-44.3757592,NA,3.95,hyb,0.669554591,0.330445379,female
CAM046567,Brazil,Bahia,-11.78602353,-44.3757592,NA,2.68,arm,0.018898882,0.981101155,male
CAM046568,Brazil,Bahia,-11.78602353,-44.3757592,NA,8.67,arm,1E-04,0.999899983,female
CAM046569,Brazil,Bahia,-11.78602353,-44.3757592,NA,3.36,arm,0.003050254,0.996949732,female
CAM046570,Brazil,Bahia,-13.40210605,-46.09504532,NA,3.14,arm,1E-04,0.999899983,male
CAM046573,Brazil,Bahia,-13.40210605,-46.09504532,NA,9.5,hyb,0.797597587,0.202402383,female
CAM046574,Brazil,Bahia,-13.40210605,-46.09504532,NA,9.11,hyb,0.382867277,0.617132723,female
CAM046575,Brazil,Bahia,-13.40210605,-46.09504532,NA,2.95,arm,0.033466645,0.966533363,female
CAM046576,Brazil,Bahia,-13.40210605,-46.09504532,NA,4.31,arm,0.092940174,0.907059848,female
CAM046580,Brazil,Bahia,-13.40210605,-46.09504532,NA,27.94,arm,1E-04,0.999899983,male
CAM046582,Brazil,Bahia,-13.40210605,-46.09504532,NA,1.27,arm,0.005519699,0.994480312,male
CAM046586,Brazil,Bahia,-13.40210605,-46.09504532,NA,9.79,arm,0.001792186,0.998207808,male
CAM046588,Brazil,Bahia,-13.40210605,-46.09504532,NA,3.61,arm,0.014520105,0.985479891,female
CAM046589,Brazil,Bahia,-13.40210605,-46.09504532,NA,0.71,arm,0.01702526,0.982974768,cant.be.det
CAM046590,Brazil,Bahia,-13.40210605,-46.09504532,NA,5.49,arm,0.014805103,0.985194921,male
CAM046592,Brazil,Bahia,-13.40210605,-46.09504532,NA,3.99,arm,0.006333454,0.99366653,male
CAM046593,Brazil,Bahia,-13.40210605,-46.09504532,NA,0.53,arm,0.017165618,0.982834339,cant.be.det
CAM046594,Brazil,Bahia,-13.40210605,-46.09504532,NA,3.95,arm,1E-04,0.999899983,female
CAM046596,Brazil,Bahia,-13.40210605,-46.09504532,NA,2.3,arm,0.003841383,0.9961586,female
CAM046597,Brazil,Bahia,-13.40210605,-46.09504532,NA,14.81,arm,0.005371898,0.994628131,female
CAM046598,Brazil,Bahia,-13.40210605,-46.09504532,NA,6.95,arm,0.019018264,0.980981767,female
CAM046599,Brazil,Bahia,-13.40210605,-46.09504532,NA,1.47,arm,0.006264767,0.993735194,male
CAM046600,Brazil,Bahia,-12.006944,-44.693889,NA,8.17,arm,1E-04,0.999899983,female
CAM046601,Brazil,Bahia,-12.1863606,-46.01677819,NA,2.34,arm,0.017982567,0.982017457,male
CAM046602,Brazil,Bahia,-12.1863606,-46.01677819,NA,2.36,zea,0.999899924,0.000100063,female
CAM046603,Brazil,Bahia,-12.1863606,-46.01677819,NA,7.87,zea,0.980590522,0.019409506,female
CAM046604,Brazil,Bahia,-12.1863606,-46.01677819,NA,8.84,hyb,0.510930538,0.489069432,male
CAM046606,Brazil,Bahia,-13.40210605,-46.09504532,NA,8.52,arm,1E-04,0.999899983,male
CAM046607,Brazil,Bahia,-12.1863606,-46.01677819,NA,6.72,zea,0.998098612,0.001901382,female
CAM046608,Brazil,Bahia,-12.1863606,-46.01677819,NA,7.48,zea,0.997405171,0.002594841,female
CAM046609,Brazil,Bahia,-12.1863606,-46.01677819,NA,6.13,zea,0.986691773,0.013308208,male
CAM046610,Brazil,Bahia,-12.1863606,-46.01677819,NA,7.05,zea,0.999310255,0.000689692,female
CAM046611,Brazil,Bahia,-12.1863606,-46.01677819,NA,4.57,zea,0.999885261,0.000114764,female
CAM046612,Brazil,Bahia,-12.1863606,-46.01677819,NA,5.32,zea,0.99513793,0.004862049,female
CAM046613,Brazil,Bahia,-12.1863606,-46.01677819,NA,4.82,arm,0.017668379,0.982331574,male
CAM046614,Brazil,Bahia,-12.1863606,-46.01677819,NA,7.73,arm,0.00164588,0.998354077,male
CAM046615,Brazil,Bahia,-12.1863606,-46.01677819,NA,7.59,arm,1E-04,0.999899983,male
CAM046616,Brazil,Bahia,-12.1863606,-46.01677819,NA,5.59,arm,1E-04,0.999899983,male
CAM046617,Brazil,Bahia,-12.1863606,-46.01677819,NA,3.04,arm,0.003799356,0.996200621,female
CAM046618,Brazil,Bahia,-12.1863606,-46.01677819,NA,1.55,arm,0.008153476,0.991846561,female
CAM046619,Brazil,Bahia,-12.1863606,-46.01677819,NA,4.03,zea,0.920293212,0.079706818,female
CAM046620,Brazil,Bahia,-12.1863606,-46.01677819,NA,3.31,arm,0.092405602,0.907594383,male
CAM046621,Brazil,Bahia,-12.1863606,-46.01677819,NA,6.81,arm,0.000122195,0.99987781,female
CAM046622,Brazil,Bahia,-12.1863606,-46.01677819,NA,14.39,arm,1E-04,0.999899983,male
CAM046623,Brazil,Bahia,-12.1863606,-46.01677819,NA,8.82,arm,1E-04,0.999899983,male
CAM046624,Brazil,Bahia,-12.1863606,-46.01677819,NA,8.99,zea,0.999899864,0.000100097,male
CAM046625,Brazil,Bahia,-12.1863606,-46.01677819,NA,6.67,arm,0.033362713,0.966637254,male
CAM046626,Brazil,Bahia,-12.1863606,-46.01677819,NA,13.75,zea,0.998831391,0.001168635,female
CAM046627,Brazil,Bahia,-12.1863606,-46.01677819,NA,14.03,zea,0.920482218,0.079517826,female
CAM046628,Brazil,Bahia,-12.1863606,-46.01677819,NA,5.04,arm,0.003964898,0.996035099,female
CAM046629,Brazil,Bahia,-12.1863606,-46.01677819,NA,1.59,zea,0.984035671,0.015964318,male
CAM046653,Brazil,Mato Grosso do Sul,-18.448611,-52.756667,NA,0.68,arm,0.005534909,0.994465113,cant.be.det
CAM046654,Brazil,Mato Grosso do Sul,-18.448611,-52.756667,NA,2.28,arm,0.004071482,0.995928526,female
CAM046655,Brazil,Mato Grosso do Sul,-18.448611,-52.756667,NA,14,arm,0.014579656,0.985420346,male
CAM046656,Brazil,Mato Grosso do Sul,-18.448611,-52.756667,NA,0.15,arm,0.010089852,0.989910066,cant.be.det
CAM046657,Brazil,Mato Grosso do Sul,-18.448611,-52.756667,NA,1.03,arm,0.002582674,0.997417331,male
CAM046658,Brazil,Mato Grosso do Sul,-18.448611,-52.756667,NA,0.83,arm,0.008882748,0.991117239,cant.be.det
CAM046659,Brazil,Mato Grosso do Sul,-18.448611,-52.756667,NA,1.73,arm,0.000141261,0.999858737,female
CAM046660,Brazil,Mato Grosso do Sul,-18.448611,-52.756667,NA,5.49,arm,0.009859978,0.990140021,female
CAM046661,Brazil,Mato Grosso do Sul,-18.448611,-52.756667,NA,6.62,arm,0.000100023,0.999899983,male
CAM046662,Brazil,Mato Grosso do Sul,-18.448611,-52.756667,NA,6.18,arm,0.005450862,0.994549155,male
CAM046663,Brazil,Mato Grosso do Sul,-18.448611,-52.756667,NA,7.89,arm,1E-04,0.999899983,male
CAM046664,Brazil,Mato Grosso do Sul,-18.448611,-52.756667,NA,0.06,hyb,0.126465932,0.873534083,cant.be.det
CAM046683,Brazil,Mato Grosso do Sul,-18.748333,-52.595556,NA,0.17,arm,0.009400831,0.990599155,cant.be.det
CAM046684,Brazil,Mato Grosso do Sul,-18.748333,-52.595556,NA,4.43,arm,1E-04,0.999899983,female
CAM046685,Brazil,Mato Grosso do Sul,-18.748333,-52.595556,NA,2.13,arm,0.005527757,0.994472265,male
CAM046686,Brazil,Mato Grosso do Sul,-18.748333,-52.595556,NA,5.01,arm,1E-04,0.999899983,female
CAM046687,Brazil,Mato Grosso do Sul,-18.748333,-52.595556,NA,7.05,arm,0.001074306,0.998925686,male
CAM046689,Brazil,Mato Grosso do Sul,-18.748333,-52.595556,NA,0.21,hyb,0.127014697,0.872985303,cant.be.det
CAM046690,Brazil,Mato Grosso do Sul,-18.748333,-52.595556,NA,0.11,hyb,0.293461114,0.706538916,cant.be.det
CAM046691,Brazil,Mato Grosso do Sul,-18.748333,-52.595556,NA,1.15,arm,0.006708955,0.99329108,female
CAM046692,Brazil,Mato Grosso do Sul,-18.748333,-52.595556,NA,4.75,arm,1E-04,0.999899983,male
CAM046693,Brazil,Mato Grosso do Sul,-18.748333,-52.595556,NA,0.16,arm,0.021283276,0.978716731,cant.be.det
CAM046695,Brazil,Mato Grosso do Sul,-18.748333,-52.595556,NA,0.75,arm,0.002377433,0.99762255,cant.be.det
CAM046696,Brazil,Mato Grosso do Sul,-18.748333,-52.595556,NA,0.11,hyb,0.121591546,0.878408432,cant.be.det
CAM046697,Brazil,Mato Grosso do Sul,-18.748333,-52.595556,NA,0.85,arm,0.008373203,0.991626799,cant.be.det
CAM046698,Brazil,Mato Grosso do Sul,-18.748333,-52.595556,NA,1.69,hyb,0.212420776,0.787579238,cant.be.det
CAM046719,Brazil,Mato Grosso do Sul,-18.764467,-52.643839,NA,0.07,arm,0.098147169,0.901852787,cant.be.det
CAM046720,Brazil,Mato Grosso do Sul,-18.764467,-52.643839,NA,0.11,arm,0.024710301,0.975289702,cant.be.det
CAM046721,Brazil,Mato Grosso do Sul,-18.764467,-52.643839,NA,5.8,arm,0.001962248,0.998037755,female
CAM046722,Brazil,Mato Grosso do Sul,-18.764467,-52.643839,NA,0.1,arm,0.09371984,0.90628016,cant.be.det
CAM046725,Brazil,Mato Grosso do Sul,-18.764467,-52.643839,NA,5.53,arm,1E-04,0.999899983,female
CAM046727,Brazil,Mato Grosso,-13.280278,-57.984722,NA,5.83,arm,1E-04,0.999899983,female
CAM046728,Brazil,Mato Grosso,-13.280278,-57.984722,NA,3.23,arm,0.013343348,0.986656666,male
CAM046729,Brazil,Mato Grosso,-13.280278,-57.984722,NA,0.07,hyb,0.170937419,0.829062581,cant.be.det
CAM046731,Brazil,Mato Grosso,-13.280278,-57.984722,NA,2.27,arm,1E-04,0.999899983,female
CAM046732,Brazil,Mato Grosso,-13.280278,-57.984722,NA,0.17,arm,0.014384125,0.985615849,cant.be.det
CAM046733,Brazil,Mato Grosso,-13.280278,-57.984722,NA,3.58,arm,1E-04,0.999899983,female
CAM046734,Brazil,Mato Grosso,-13.280278,-57.984722,NA,0.1,arm,0.012434673,0.987565339,cant.be.det
CAM046737,Brazil,Mato Grosso,-13.280278,-57.984722,NA,3.06,arm,0.001630512,0.998369455,male
CAM046738,Brazil,Mato Grosso,-13.280278,-57.984722,NA,0.72,arm,0.005394063,0.994605899,cant.be.det
CAM046739,Brazil,Mato Grosso,-13.280278,-57.984722,NA,0.04,hyb,0.264122874,0.735877156,cant.be.det
CAM046740,Brazil,Mato Grosso,-13.280278,-57.984722,NA,0.05,hyb,0.336058676,0.663941324,cant.be.det
CAM046750,Brazil,Bahia,-11.777778,-45.806111,NA,0.09,hyb,0.866244137,0.133755833,cant.be.det
CAM046751,Brazil,Bahia,-11.777778,-45.806111,NA,4.56,arm,0.002145895,0.997854114,female
CAM046752,Brazil,Bahia,-11.777778,-45.806111,NA,0.05,hyb,0.171595857,0.828404129,cant.be.det
CAM046753,Brazil,Bahia,-11.777778,-45.806111,NA,2.99,arm,1E-04,0.999899983,female
CAM046754,Brazil,Bahia,-11.777778,-45.806111,NA,3.6,zea,0.998725891,0.001274085,male
CAM046756,Brazil,Bahia,-11.777778,-45.806111,NA,0.05,hyb,0.189414978,0.810585022,cant.be.det
CAM046759,Brazil,Bahia,-11.777778,-45.806111,NA,0.14,arm,0.017042935,0.982957065,cant.be.det
CAM046760,Brazil,Bahia,-11.777778,-45.806111,NA,3.27,zea,0.999899983,1E-04,male
CAM046761,Brazil,Bahia,-11.777778,-45.806111,NA,2.54,zea,0.999899983,1E-04,male
CAM046762,Brazil,Bahia,-11.777778,-45.806111,NA,3.43,arm,1E-04,0.999899983,female
CAM046763,Brazil,Bahia,-11.777778,-45.806111,NA,3.36,arm,0.0088988,0.991101205,female
CAM046764,Brazil,Bahia,-11.777778,-45.806111,NA,0.06,hyb,0.251681894,0.748318136,cant.be.det
CAM046773,Brazil,Bahia,-11.777778,-45.806111,NA,3.17,arm,0.004718458,0.995281577,female
CAM046775,Brazil,Bahia,-11.777778,-45.806111,NA,0.52,zea,0.997026622,0.002973392,cant.be.det
CAM046777,Brazil,Bahia,-11.777778,-45.806111,NA,2.01,arm,0.005612573,0.994387448,female
CAM046779,Brazil,Mato Grosso,-15.527778,-54.345833,NA,4.17,arm,1E-04,0.999899983,female
CAM046780,Brazil,Mato Grosso,-15.527778,-54.345833,NA,0.12,arm,0.033836659,0.966163337,cant.be.det
CAM046781,Brazil,Mato Grosso,-15.527778,-54.345833,NA,0.07,arm,0.044392399,0.955607593,cant.be.det
CAM046782,Brazil,Mato Grosso,-15.527778,-54.345833,NA,0.04,hyb,0.198418185,0.8015818,cant.be.det
CAM046783,Brazil,Mato Grosso,-15.527778,-54.345833,NA,0.04,hyb,0.227133587,0.772866428,cant.be.det
CAM046784,Brazil,Mato Grosso,-15.527778,-54.345833,NA,4.73,arm,1E-04,0.999899983,female
CAM046785,Brazil,Mato Grosso,-15.527778,-54.345833,NA,0.07,hyb,0.195315793,0.804684162,cant.be.det
CAM046786,Brazil,Mato Grosso,-15.527778,-54.345833,NA,0.13,arm,0.054115426,0.945884645,cant.be.det
CAM046787,Brazil,Mato Grosso,-15.527778,-54.345833,NA,0.06,hyb,0.2003766,0.79962343,cant.be.det
CAM046788,Brazil,Mato Grosso,-15.527778,-54.345833,NA,0.06,hyb,0.119363628,0.880636394,cant.be.det
CAM046789,Brazil,Mato Grosso,-15.527778,-54.345833,NA,0.06,hyb,0.213882983,0.786117017,cant.be.det
CAM046790,Brazil,Mato Grosso,-15.527778,-54.345833,NA,0.06,arm,0.093622506,0.906377494,cant.be.det
CAM046791,Brazil,Mato Grosso,-15.527778,-54.345833,NA,4.08,arm,1E-04,0.999899983,female
CAM046834,Brazil,Sao Paulo,-22.447778,-47.200967,NA,4.37,zea,0.999899983,1E-04,female
CAM046835,Brazil,Sao Paulo,-22.447778,-47.200967,NA,3,zea,0.999899983,1E-04,female
CAM046837,Brazil,Sao Paulo,-22.447778,-47.200967,NA,3.57,zea,0.999899983,1E-04,male
CAM046840,Brazil,Sao Paulo,-22.447778,-47.200967,NA,3.17,zea,0.999899983,1E-04,male
CAM046843,Brazil,Mato Grosso do Sul,-18.527222,-53.010278,NA,0.67,arm,1E-04,0.999899983,cant.be.det
CAM046845,Brazil,Mato Grosso do Sul,-18.527222,-53.010278,NA,0.09,hyb,0.100346312,0.899653733,cant.be.det
CAM046846,Brazil,Mato Grosso do Sul,-18.527222,-53.010278,NA,5.07,arm,1E-04,0.999899983,female
CAM046847,Brazil,Mato Grosso do Sul,-18.527222,-53.010278,NA,0.24,arm,0.000100013,0.999899983,cant.be.det
CAM046850,Brazil,Mato Grosso do Sul,-18.527222,-53.010278,NA,0.05,arm,0.064787447,0.935212553,cant.be.det
CAM046851,Brazil,Mato Grosso do Sul,-18.527222,-53.010278,NA,0.11,arm,0.018459098,0.981540918,cant.be.det
CAM046854,Brazil,Mato Grosso do Sul,-18.764467,-52.643839,NA,0.07,arm,0.043500718,0.956499279,cant.be.det
CAM046855,Brazil,Mato Grosso do Sul,-18.764467,-52.643839,NA,0.29,arm,0.001679229,0.998320758,cant.be.det
CAM046856,Brazil,Mato Grosso do Sul,-18.764467,-52.643839,NA,0.18,arm,0.008445513,0.991554439,cant.be.det
CAM046871,Brazil,Mato Grosso do Sul,-18.793889,-52.622779,NA,2.44,arm,1E-04,0.999899983,female
CAM046872,Brazil,Mato Grosso do Sul,-18.793889,-52.622779,NA,0.05,hyb,0.153211221,0.846788764,cant.be.det
CAM046873,Brazil,Mato Grosso do Sul,-18.793889,-52.622779,NA,4.39,arm,0.004055521,0.9959445,female
CAM046874,Brazil,Mato Grosso do Sul,-18.793889,-52.622779,NA,0.36,arm,0.002587253,0.997412741,cant.be.det
CAM046876,Brazil,Mato Grosso do Sul,-18.793889,-52.622779,NA,4.44,arm,0.002396679,0.997603357,male
CAM046877,Brazil,Mato Grosso do Sul,-18.793889,-52.622779,NA,5.36,arm,0.000100011,0.999899983,female
CAM046878,Brazil,Mato Grosso do Sul,-18.793889,-52.622779,NA,5.23,arm,0.001797351,0.998202622,female
CAM046880,Brazil,Mato Grosso do Sul,-18.793889,-52.622779,NA,4.85,arm,0.001014986,0.998984993,male
CAM046887,Brazil,Mato Grosso do Sul,-18.793889,-52.622779,NA,0.21,arm,0.028567936,0.97143203,cant.be.det
CAM046930,Brazil,Mato Grosso,-13.18057219,-58.67108636,NA,5.9,arm,1E-04,0.999899983,female
CAM046932,Brazil,Mato Grosso,-13.18057219,-58.67108636,NA,1.06,hyb,0.215655342,0.784344733,cant.be.det
CAM046933,Brazil,Mato Grosso,-13.18057219,-58.67108636,NA,0.06,arm,0.082206808,0.917793214,cant.be.det
CAM046936,Brazil,Mato Grosso,-13.18057219,-58.67108636,NA,0.06,hyb,0.26657936,0.73342067,cant.be.det
CAM046939,Brazil,Mato Grosso,-13.18057219,-58.67108636,NA,0.08,hyb,0.122199565,0.877800405,cant.be.det
CAM046940,Brazil,Mato Grosso,-13.18057219,-58.67108636,NA,3.29,arm,0.005172371,0.994827628,male
CAM046941,Brazil,Mato Grosso,-13.18057219,-58.67108636,NA,0.05,arm,0.053278174,0.946721852,cant.be.det
CAM046943,Brazil,Mato Grosso,-13.18057219,-58.67108636,NA,0.04,hyb,0.383987427,0.616012573,cant.be.det
CAM046952,Brazil,Mato Grosso,-16.3525,-52.046683,NA,3.48,arm,0.002755917,0.99724412,male
CAM046953,Brazil,Mato Grosso,-16.3525,-52.046683,NA,4.08,arm,1E-04,0.999899983,female
CAM046955,Brazil,Mato Grosso,-16.3525,-52.046683,NA,0.75,arm,1E-04,0.999899983,cant.be.det
CAM046958,Brazil,Mato Grosso,-16.3525,-52.046683,NA,2.66,arm,1E-04,0.999899983,cant.be.det
CAM046959,Brazil,Mato Grosso,-16.3525,-52.046683,NA,2.43,arm,0.010910503,0.989089489,male
CAM046960,Brazil,Mato Grosso,-16.3525,-52.046683,NA,2.77,arm,1E-04,0.999899983,female
CAM046961,Brazil,Mato Grosso,-16.3525,-52.046683,NA,3.71,arm,0.00220223,0.997797728,female
CAM046962,Brazil,Mato Grosso,-16.3525,-52.046683,NA,0.03,hyb,0.114761077,0.885238945,cant.be.det
CAM046963,Brazil,Mato Grosso,-16.3525,-52.046683,NA,2.36,arm,0.005096412,0.994903564,male
CAM046964,Brazil,Mato Grosso,-16.3525,-52.046683,NA,0.52,arm,1E-04,0.999899983,cant.be.det
CAM046967,Brazil,Mato Grosso,-16.3525,-52.046683,NA,1.01,arm,0.008616373,0.991383612,female
CAM046970,Brazil,Mato Grosso,-16.3525,-52.046683,NA,2.19,arm,1E-04,0.999899983,male
CAM046972,Brazil,Mato Grosso,-16.3525,-52.046683,NA,0.57,arm,1E-04,0.999899983,cant.be.det
CAM046973,Brazil,Mato Grosso,-16.3525,-52.046683,NA,3.41,arm,0.009231685,0.990768313,female
CAM046976,Brazil,Mato Grosso,-16.3525,-52.046683,NA,3.89,arm,0.009691772,0.990308285,male
CAM046978,Brazil,Mato Grosso,-16.3525,-52.046683,NA,1.15,arm,0.001758872,0.998241127,male
CAM046979,Brazil,Mato Grosso,-16.3525,-52.046683,NA,4.33,arm,1E-04,0.999899983,male
CAM046980,Brazil,Mato Grosso,-16.3525,-52.046683,NA,0.07,hyb,0.257218719,0.742781281,cant.be.det
CAM046981,Brazil,Mato Grosso,-16.3525,-52.046683,NA,2.96,zea,0.999899983,1E-04,female
CAM046982,Brazil,Mato Grosso,-16.3525,-52.046683,NA,2.12,arm,0.007436632,0.992563367,male
CAM047002,Brazil,Bahia,-12.700556,-45.828056,NA,1.84,arm,1E-04,0.999899983,female
CAM047003,Brazil,Bahia,-12.700556,-45.828056,NA,2.91,arm,0.005345217,0.994654775,female
CAM047004,Brazil,Bahia,-12.700556,-45.828056,NA,0.81,arm,0.005925376,0.994074583,cant.be.det
CAM047008,Brazil,Bahia,-12.700556,-45.828056,NA,4.9,arm,1E-04,0.999899983,male
CAM047009,Brazil,Bahia,-12.700556,-45.828056,NA,5.54,arm,0.000347163,0.999652803,male
CAM047013,Brazil,Bahia,-12.700556,-45.828056,NA,4.55,arm,1E-04,0.999899983,female
CAM047018,Brazil,Bahia,-12.700556,-45.828056,NA,3.56,arm,0.016286341,0.983713627,male
CAM047022,Brazil,Bahia,-12.700556,-45.828056,NA,?FIND,arm,0.002948071,0.997051954,0
CAM047025,Brazil,Mato Grosso,-17.073333,-54.245833,NA,2.44,hyb,0.211961254,0.788038731,cant.be.det
CAM047026,Brazil,Mato Grosso,-17.073333,-54.245833,NA,2.57,hyb,0.211207986,0.788791955,cant.be.det
CAM047027,Brazil,Mato Grosso,-17.073333,-54.245833,NA,4.83,arm,1E-04,0.999899983,female
CAM047030,Brazil,Mato Grosso,-15.558889,-54.779444,NA,2.46,arm,1E-04,0.999899983,male
CAM047031,Brazil,Mato Grosso,-15.558889,-54.779444,NA,0.05,hyb,0.140930548,0.859069467,cant.be.det
CAM047113,Brazil,Mato Grosso do Sul,-18.800028,-52.667778,NA,0.03,arm,0.050221868,0.94977814,cant.be.det
CAM047114,Brazil,Mato Grosso do Sul,-18.800028,-52.667778,NA,0.05,arm,0.080431998,0.919568002,cant.be.det
CAM047115,Brazil,Mato Grosso do Sul,-18.800028,-52.667778,NA,0.04,arm,0.068418868,0.931581199,cant.be.det
CAM047116,Brazil,Mato Grosso do Sul,-18.800028,-52.667778,NA,0.16,arm,0.013047253,0.986952782,cant.be.det
CAM047117,Brazil,Mato Grosso do Sul,-18.800028,-52.667778,NA,0.09,arm,0.030568216,0.969431758,cant.be.det
CAM047118,Brazil,Mato Grosso do Sul,-18.800028,-52.667778,NA,0.16,arm,0.003608712,0.996391296,cant.be.det
CAM047119,Brazil,Mato Grosso do Sul,-18.800028,-52.667778,NA,0.18,arm,0.014793376,0.985206664,cant.be.det
CAM047120,Brazil,Mato Grosso do Sul,-18.800028,-52.667778,NA,0.13,arm,0.070175067,0.929824889,cant.be.det
CAM047121,Brazil,Mato Grosso do Sul,-18.800028,-52.667778,NA,0.07,hyb,0.202044472,0.797955513,cant.be.det
CAM047122,Brazil,Mato Grosso do Sul,-18.800028,-52.667778,NA,0.03,hyb,0.349307239,0.650692701,cant.be.det
CAM047163,Brazil,Bahia,-12.088614,-45.797573,NA,5.23,arm,1E-04,0.999899983,male
CAM047164,Brazil,Bahia,-12.088614,-45.797573,NA,6.12,arm,1E-04,0.999899983,female
CAM047165,Brazil,Bahia,-12.088614,-45.797573,NA,5.92,arm,1E-04,0.999899983,female
CAM047167,Brazil,Bahia,-12.088614,-45.797573,NA,5.49,arm,1E-04,0.999899983,male
CAM047168,Brazil,Bahia,-12.088614,-45.797573,NA,4.89,arm,1E-04,0.999899983,female
CAM047169,Brazil,Bahia,-12.088614,-45.797573,NA,6.48,arm,0.006104411,0.99389559,female
CAM047170,Brazil,Bahia,-12.088614,-45.797573,NA,5.93,arm,0.013184616,0.986815393,male
CAM047171,Brazil,Bahia,-12.088614,-45.797573,NA,4.9,arm,1E-04,0.999899983,female
CAM047172,Brazil,Bahia,-12.088614,-45.797573,NA,6.1,arm,0.000100004,0.999899983,male
CAM047173,Brazil,Bahia,-12.088614,-45.797573,NA,6.04,arm,1E-04,0.999899983,male
CAM047174,Brazil,Bahia,-12.088614,-45.797573,NA,6.09,arm,1E-04,0.999899983,female
CAM047175,Brazil,Bahia,-12.088614,-45.797573,NA,4.36,arm,1E-04,0.999899983,female
CAM047204,Brazil,Bahia,-12.184028,-45.798056,NA,5.61,arm,0.003553428,0.996446609,female
CAM047205,Brazil,Bahia,-12.184028,-45.798056,NA,3.14,arm,0.00337412,0.99662596,male
CAM047206,Brazil,Bahia,-12.184028,-45.798056,NA,5.82,arm,0.005305545,0.994694471,male
CAM047207,Brazil,Bahia,-12.184028,-45.798056,NA,1.22,arm,0.00495887,0.995041132,female
CAM047208,Brazil,Bahia,-12.184028,-45.798056,NA,0.41,arm,0.00708962,0.992910385,cant.be.det
CAM047209,Brazil,Bahia,-12.184028,-45.798056,NA,6.39,arm,1E-04,0.999899983,male
CAM047210,Brazil,Bahia,-12.184028,-45.798056,NA,4.88,arm,0.000966958,0.999033034,male
CAM047211,Brazil,Bahia,-12.184028,-45.798056,NA,0.12,arm,0.020267472,0.979732573,cant.be.det
CAM047212,Brazil,Bahia,-12.184028,-45.798056,NA,4.94,arm,1E-04,0.999899983,male
CAM047213,Brazil,Bahia,-12.363333,-45.828056,NA,4.39,arm,0.00800039,0.991999626,female
CAM047214,Brazil,Bahia,-12.363333,-45.828056,NA,1.3,arm,0.011728455,0.988271534,male
CAM047215,Brazil,Bahia,-12.363333,-45.828056,NA,4.97,arm,0.000174752,0.999825239,female
CAM047216,Brazil,Bahia,-12.363333,-45.828056,NA,6,arm,1E-04,0.999899983,female
CAM047217,Brazil,Bahia,-12.363333,-45.828056,NA,1.69,arm,1E-04,0.999899983,female
CAM047218,Brazil,Bahia,-12.363333,-45.828056,NA,3.74,arm,1E-04,0.999899983,male
CAM047219,Brazil,Bahia,-12.363333,-45.828056,NA,3.71,arm,0.015529736,0.984470308,male
CAM047220,Brazil,Bahia,-11.691111,-46.004722,NA,5.42,zea,0.999899983,1E-04,male
CAM047221,Brazil,Bahia,-11.691111,-46.004722,NA,6.26,zea,0.999899983,1E-04,male
CAM047222,Brazil,Bahia,-11.691111,-46.004722,NA,5.82,zea,0.999899983,1E-04,female
CAM047223,Brazil,Bahia,-11.691111,-46.004722,NA,5.83,zea,0.999899983,1E-04,male
CAM047224,Brazil,Bahia,-11.691111,-46.004722,NA,6.2,arm,0.009049067,0.990950882,male
CAM047225,Brazil,Bahia,-11.691111,-46.004722,NA,4.98,arm,0.004216505,0.995783448,male
CAM047226,Brazil,Bahia,-11.691111,-46.004722,NA,6.99,arm,0.003832302,0.996167719,female
CAM047227,Brazil,Bahia,-11.691111,-46.004722,NA,6.5,arm,0.008649393,0.991350591,female
CAM047228,Brazil,Bahia,-11.691111,-46.004722,NA,5.18,arm,0.007976827,0.99202317,male
CAM047229,Brazil,Bahia,-11.691111,-46.004722,NA,0.05,hyb,0.161476493,0.838523507,cant.be.det
CAM047230,Brazil,Bahia,-11.691111,-46.004722,NA,6.42,arm,1E-04,0.999899983,male
CAM047231,Brazil,Bahia,-11.691111,-46.004722,NA,2.45,arm,0.009332878,0.990667164,male
CAM047232,Brazil,Bahia,-11.691111,-46.004722,NA,3.98,arm,0.008623984,0.991375983,male
CAM047233,Brazil,Bahia,-11.691111,-46.004722,NA,8.13,arm,1E-04,0.999899983,female
CAM047234,Brazil,Bahia,-11.691111,-46.004722,NA,0.09,arm,0.047551639,0.952448368,cant.be.det
CAM047235,Brazil,Bahia,-13.4321697,-45.4146702,NA,5.56,arm,0.005712486,0.99428755,male
CAM047237,Brazil,Bahia,-13.4321697,-45.4146702,NA,6.04,arm,0.001320152,0.998679817,male
CAM047268,Brazil,Mato Grosso,-15.527778,-54.345833,NA,2.46,arm,1E-04,0.999899983,male
CAM047270,Brazil,Mato Grosso,-15.527778,-54.345833,NA,4.41,arm,0.001826279,0.998173714,female
CAM047271,Brazil,Mato Grosso,-15.527778,-54.345833,NA,3.11,arm,1E-04,0.999899983,male
CAM047272,Brazil,Mato Grosso,-15.527778,-54.345833,NA,0.36,arm,0.003592314,0.996407688,cant.be.det
CAM047273,Brazil,Mato Grosso,-15.527778,-54.345833,NA,4.45,arm,1E-04,0.999899983,male
CAM047274,Brazil,Mato Grosso,-15.527778,-54.345833,NA,4.54,arm,0.002013166,0.997986853,male
CAM047275,Brazil,Mato Grosso,-15.527778,-54.345833,NA,1.43,arm,0.003562771,0.996437192,female
CAM047279,Brazil,Mato Grosso,-15.527778,-54.345833,NA,3.76,arm,1E-04,0.999899983,male
CAM047281,Brazil,Mato Grosso,-15.527778,-54.345833,NA,4.14,arm,0.000100031,0.999899924,female
CAM047283,Brazil,Mato Grosso,-16.61582682,-54.47806515,NA,0.07,hyb,0.146951333,0.853048682,cant.be.det
CAM047284,Brazil,Mato Grosso,-16.61582682,-54.47806515,NA,0.07,hyb,0.151255563,0.848744392,cant.be.det
CAM047287,Brazil,Mato Grosso,-16.61582682,-54.47806515,NA,0.68,hyb,0.213506788,0.786493301,cant.be.det
CAM047289,Brazil,Mato Grosso,-16.61582682,-54.47806515,NA,0.07,hyb,0.271525174,0.728474796,cant.be.det
CAM047290,Brazil,Mato Grosso,-16.61582682,-54.47806515,NA,0.06,arm,0.076358788,0.923641205,cant.be.det
CAM047291,Brazil,Mato Grosso,-16.61582682,-54.47806515,NA,0.94,hyb,0.212794721,0.787205219,cant.be.det
CAM047293,Brazil,Mato Grosso,-16.61582682,-54.47806515,NA,0.05,hyb,0.279521555,0.720478475,cant.be.det
CAM047295,Brazil,Mato Grosso,-16.61582682,-54.47806515,NA,0.23,hyb,0.218781397,0.781218588,cant.be.det
CAM047298,Brazil,Goias,-17.570278,-52.555278,NA,5.55,arm,1E-04,0.999899983,female
CAM047299,Brazil,Goias,-17.570278,-52.555278,NA,5.94,arm,1E-04,0.999899983,male
CAM047337,Brazil,Goias,-18.385,-52.625556,NA,4.53,arm,0.011278057,0.988721967,male
CAM047338,Brazil,Goias,-18.385,-52.625556,NA,0.12,arm,0.080252409,0.919747591,cant.be.det
CAM047343,Brazil,Goias,-17.496944,-51.082222,NA,0.07,arm,0.074015446,0.925984561,cant.be.det
CAM047344,Brazil,Goias,-17.496944,-51.082222,NA,3.11,arm,1E-04,0.999899983,male
CAM047345,Brazil,Goias,-17.496944,-51.082222,NA,0.21,arm,0.010807251,0.989192724,cant.be.det
CAM047346,Brazil,Goias,-17.496944,-51.082222,NA,0.11,hyb,0.740811288,0.259188771,cant.be.det
CAM047347,Brazil,Goias,-17.496944,-51.082222,NA,5.17,arm,0.01005175,0.989948273,female
CAM047348,Brazil,Goias,-17.496944,-51.082222,NA,0.04,hyb,0.268625259,0.731374681,cant.be.det
CAM047350,Brazil,Goias,-17.496944,-51.082222,NA,1.71,arm,0.004095261,0.995904744,female
CAM047353,Brazil,Goias,-17.496944,-51.082222,NA,0.08,hyb,0.478497386,0.521502614,cant.be.det
CAM047354,Brazil,Goias,-17.496944,-51.082222,NA,0.74,hyb,0.21333003,0.78666991,cant.be.det
CAM047355,Brazil,Goias,-18.239444,-53.070833,NA,0.03,hyb,0.233421192,0.766578794,cant.be.det
CAM047356,Brazil,Goias,-18.239444,-53.070833,NA,0.06,hyb,0.165967673,0.834032297,cant.be.det
CAM047357,Brazil,Goias,-18.239444,-53.070833,NA,0.05,hyb,0.201675609,0.798324406,cant.be.det
CAM047358,Brazil,Goias,-18.239444,-53.070833,NA,0.05,hyb,0.126228362,0.873771608,cant.be.det
CAM047359,Brazil,Goias,-18.239444,-53.070833,NA,0.89,arm,0.005627028,0.994372964,cant.be.det
CAM047360,Brazil,Goias,-18.239444,-53.070833,NA,0.18,arm,0.01229761,0.987702429,cant.be.det
CAM047361,Brazil,Goias,-18.239444,-53.070833,NA,0.08,hyb,0.151522264,0.848477721,cant.be.det
CAM047362,Brazil,Goias,-18.239444,-53.070833,NA,4.43,arm,0.004182091,0.9958179,female
CAM047390,Brazil,Mato Grosso,-17.073333,-54.245833,NA,3.64,arm,1E-04,0.999899983,female
CAM047391,Brazil,Mato Grosso,-17.073333,-54.245833,NA,0.05,hyb,0.150883853,0.849116147,cant.be.det
CAM047392,Brazil,Mato Grosso,-17.073333,-54.245833,NA,0.05,hyb,0.186304376,0.81369561,cant.be.det
CAM047393,Brazil,Mato Grosso,-17.073333,-54.245833,NA,0.09,hyb,0.194201082,0.805798888,cant.be.det
CAM047394,Brazil,Mato Grosso,-17.073333,-54.245833,NA,2.81,arm,1E-04,0.999899983,female
CAM047396,Brazil,Mato Grosso,-17.073333,-54.245833,NA,1.42,hyb,0.211925715,0.788074255,cant.be.det
CAM047397,Brazil,Mato Grosso,-17.073333,-54.245833,NA,4.43,arm,1E-04,0.999899983,male
CAM047398,Brazil,Mato Grosso,-17.073333,-54.245833,NA,0.83,hyb,0.215771765,0.784228206,cant.be.det
CAM047399,Brazil,Mato Grosso,-17.073333,-54.245833,NA,1.91,hyb,0.214100987,0.785899043,cant.be.det
CAM047400,Brazil,Mato Grosso,-17.073333,-54.245833,NA,1.61,hyb,0.213668168,0.786331832,cant.be.det
CAM047401,Brazil,Mato Grosso,-17.073333,-54.245833,NA,0.06,hyb,0.435601801,0.564398229,cant.be.det
CAM047433,Brazil,Sao Paulo,-23.812778,-47.715834,NA,6.63,arm,1E-04,0.999899983,female
CAM047438,Brazil,Sao Paulo,-22.128056,-47.341111,NA,3.65,arm,1E-04,0.999899983,male
CAM047441,Brazil,Sao Paulo,-23.812778,-47.715834,NA,6.8,arm,1E-04,0.999899983,female
CAM047444,Brazil,Sao Paulo,-21.7525,-47.119444,NA,0.04,hyb,0.244329631,0.755670369,cant.be.det
CAM047445,Brazil,Sao Paulo,-21.7525,-47.119444,NA,5.09,arm,1E-04,0.999899983,female
CAM047446,Brazil,Sao Paulo,-21.7525,-47.119444,NA,0.24,arm,0.026998274,0.973001719,cant.be.det
CAM047448,Brazil,Sao Paulo,-21.7525,-47.119444,NA,4.42,arm,1E-04,0.999899983,male
CAM047450,Brazil,Sao Paulo,-21.7525,-47.119444,NA,0.1,hyb,0.23321712,0.76678288,cant.be.det
CAM047454,Brazil,Sao Paulo,-21.7525,-47.119444,NA,6.35,arm,0.004951218,0.995048761,female
CAM047455,Brazil,Sao Paulo,-21.7525,-47.119444,NA,0.09,hyb,0.102356426,0.897643626,cant.be.det
CAM047456,Brazil,Sao Paulo,-21.7525,-47.119444,NA,3.11,arm,1E-04,0.999899983,male
CAM047458,Brazil,Sao Paulo,-21.7525,-47.119444,NA,1.58,arm,0.00603688,0.993963122,female
CAM047475,Brazil,Bahia,-11.856389,-46.1725,NA,5.91,arm,1E-04,0.999899983,female
CAM047480,Brazil,Bahia,-11.856389,-46.1725,NA,0.65,arm,0.005063929,0.994936049,cant.be.det
CAM047482,Brazil,Bahia,-11.856389,-46.1725,NA,0.08,arm,0.084930889,0.915069103,cant.be.det
CAM047484,Brazil,Bahia,-11.856389,-46.1725,NA,1.27,arm,0.007166725,0.992833257,male
CAM047485,Brazil,Bahia,-11.856389,-46.1725,NA,3.37,arm,0.003902535,0.996097445,male
CAM047521,Brazil,Bahia,-12.189722,-45.485833,NA,4.98,zea,0.999899864,0.000100103,female
CAM047522,Brazil,Bahia,-12.189722,-45.485833,NA,7.57,arm,0.005389359,0.994610667,female
CAM047524,Brazil,Goias,-18.621667,-52.8825,NA,6.27,arm,0.002480929,0.997519076,female
CAM047525,Brazil,Goias,-18.621667,-52.8825,NA,0.73,hyb,0.211278915,0.788721085,cant.be.det
CAM047526,Brazil,Goias,-18.621667,-52.8825,NA,0.05,hyb,0.188786775,0.811213255,cant.be.det
CAM047527,Brazil,Goias,-18.621667,-52.8825,NA,3.15,hyb,0.211922467,0.788077533,cant.be.det
CAM047528,Brazil,Goias,-18.621667,-52.8825,NA,2.39,arm,0.015626887,0.984373093,male
CAM047531,Brazil,Goias,-18.621667,-52.8825,NA,0.84,hyb,0.209919676,0.790080369,cant.be.det
CAM047533,Brazil,Goias,-18.621667,-52.8825,NA,3.83,hyb,0.210665211,0.789334834,cant.be.det
CAM047534,Brazil,Goias,-18.621667,-52.8825,NA,6.55,arm,0.009928332,0.990071654,female
CAM047535,Brazil,Goias,-18.621667,-52.8825,NA,5.5,arm,0.002827813,0.997172177,male
CAM047536,Brazil,Goias,-18.621667,-52.8825,NA,3.72,arm,0.019200124,0.980799913,female
CAM047540,Brazil,Goias,-18.621667,-52.8825,NA,1.84,hyb,0.214743569,0.785256505,cant.be.det
CAM047595,Brazil,Bahia,-12.189722,-45.485833,NA,1.79,zea,0.999899983,0.000100014,male
CAM047596,Brazil,Bahia,-12.189722,-45.485833,NA,0.07,hyb,0.19551301,0.80448699,cant.be.det
CAM047598,Brazil,Bahia,-12.189722,-45.485833,NA,0.82,zea,0.994683862,0.005316176,cant.be.det
CAM047599,Brazil,Bahia,-12.189722,-45.485833,NA,3.86,zea,0.999899983,1E-04,female
CAM047600,Brazil,Bahia,-12.189722,-45.485833,NA,0.01,hyb,0.191884071,0.8081159,cant.be.det
CAM047601,Brazil,Bahia,-12.189722,-45.485833,NA,1.98,zea,0.999899983,1E-04,male
CAM047603,Brazil,Bahia,-12.189722,-45.485833,NA,3.27,zea,0.999766767,0.000233261,female
CAM047605,Brazil,Bahia,-12.189722,-45.485833,NA,0.04,hyb,0.386657983,0.613341987,cant.be.det
CAM047606,Brazil,Bahia,-12.189722,-45.485833,NA,3.8,zea,0.999899983,1E-04,female
CAM047607,Brazil,Bahia,-12.189722,-45.485833,NA,0.04,hyb,0.193620861,0.806379139,cant.be.det
CAM047608,Brazil,Bahia,-12.189722,-45.485833,NA,0.04,hyb,0.460536838,0.539463222,cant.be.det
CAM047609,Brazil,Bahia,-12.189722,-45.485833,NA,0.05,hyb,0.24025932,0.759740651,cant.be.det
CAM047610,Brazil,Bahia,-12.189722,-45.485833,NA,0.03,hyb,0.318968654,0.681031346,cant.be.det
CAM047612,Brazil,Bahia,-12.189722,-45.485833,NA,3.19,zea,0.99986732,0.000132708,male
CAM047613,Brazil,Bahia,-12.189722,-45.485833,NA,0.07,hyb,0.316911042,0.683088899,cant.be.det
CAM047614,Brazil,Bahia,-12.189722,-45.485833,NA,3.49,zea,0.999899983,1E-04,female
CAM047615,Brazil,Bahia,-12.189722,-45.485833,NA,3.58,zea,0.999899983,1E-04,male
CAM047620,Brazil,Bahia,-12.189722,-45.485833,NA,3.73,zea,0.999899983,1E-04,male
CAM047623,Brazil,Mato Grosso,-15.423056,-54.37,NA,1.75,arm,1E-04,0.999899983,male
CAM047624,Brazil,Mato Grosso,-15.423056,-54.37,NA,2.79,arm,1E-04,0.999899983,female
CAM047625,Brazil,Mato Grosso,-15.423056,-54.37,NA,4.17,arm,0.0037721,0.99622792,female
CAM047626,Brazil,Mato Grosso,-15.423056,-54.37,NA,7.96,arm,0.00245623,0.997543752,0
CAM047628,Brazil,Mato Grosso,-15.423056,-54.37,NA,4.51,arm,0.00799788,0.99200213,female
CAM047629,Brazil,Mato Grosso,-15.423056,-54.37,NA,4.86,arm,0.006494917,0.993505061,male
CAM047630,Brazil,Mato Grosso,-15.423056,-54.37,NA,1.54,arm,0.013644169,0.986355841,female
CAM047631,Brazil,Mato Grosso,-15.423056,-54.37,NA,2.74,arm,0.002250162,0.997749865,female
CAM047633,Brazil,Mato Grosso,-15.423056,-54.37,NA,5.11,arm,0.001766408,0.998233616,female
CAM047634,Brazil,Mato Grosso,-15.423056,-54.37,NA,4.85,arm,1E-04,0.999899983,female
CAM047639,Brazil,Mato Grosso,-15.423056,-54.37,NA,3.13,arm,1E-04,0.999899983,male
CAM047640,Brazil,Mato Grosso,-15.423056,-54.37,NA,5.08,arm,0.012988056,0.987011969,male
CAM047666,Brazil,Bahia,-13.4321697,-45.4146702,NA,3.24,arm,0.002532965,0.997467041,male
CAM047669,Brazil,Bahia,-13.4321697,-45.4146702,NA,0.08,hyb,0.310302198,0.689697802,cant.be.det
CAM047671,Brazil,Bahia,-13.4321697,-45.4146702,NA,4.6,arm,1E-04,0.999899983,male
CAM047672,Brazil,Bahia,-13.4321697,-45.4146702,NA,0.06,hyb,0.161233947,0.838766038,cant.be.det
CAM047677,Brazil,Bahia,-13.4321697,-45.4146702,NA,2.64,arm,0.00666591,0.993334055,cant.be.det
CAM047678,Brazil,Bahia,-13.4321697,-45.4146702,NA,0.07,hyb,0.182977185,0.8170228,cant.be.det
CAM047679,Brazil,Bahia,-13.4321697,-45.4146702,NA,0.05,hyb,0.284216076,0.715783954,cant.be.det
CAM047680,Brazil,Bahia,-13.4321697,-45.4146702,NA,0.05,hyb,0.263074785,0.736925185,cant.be.det
CAM047681,Brazil,Bahia,-13.4321697,-45.4146702,NA,5.72,arm,0.000759927,0.9992401,male
CAM047682,Brazil,Bahia,-13.4321697,-45.4146702,NA,0.22,arm,0.049328353,0.950671673,0
CAM047683,Brazil,Bahia,-13.4321697,-45.4146702,NA,4.91,arm,0.005215346,0.994784653,male
CAM047689,Brazil,Mato Grosso,-13.687778,-56.027778,NA,6.86,arm,1E-04,0.999899983,male
CAM047692,Brazil,Mato Grosso,-13.687778,-56.027778,NA,2.79,arm,0.000100006,0.999899983,female
CAM047693,Brazil,Mato Grosso,-13.687778,-56.027778,NA,5.72,arm,1E-04,0.999899983,male
CAM047694,Brazil,Mato Grosso,-13.687778,-56.027778,NA,4.77,arm,1E-04,0.999899983,female
CAM047697,Brazil,Mato Grosso,-13.687778,-56.027778,NA,5.1,arm,1E-04,0.999899983,male
CAM047699,Brazil,Mato Grosso,-13.687778,-56.027778,NA,3.79,arm,1E-04,0.999899983,female
CAM047700,Brazil,Mato Grosso,-13.687778,-56.027778,NA,4.78,arm,0.000202184,0.999797821,female
CAM047703,Brazil,Mato Grosso,-13.687778,-56.027778,NA,4.3,arm,0.016948998,0.983051002,male
CAM047708,Brazil,Mato Grosso,-13.687778,-56.027778,NA,3.86,arm,0.000100015,0.999899983,female
CAM047712,Brazil,Bahia,-12.363333,-45.828056,NA,8.24,arm,0.002236792,0.997763216,female
CAM047713,Brazil,Bahia,-12.363333,-45.828056,NA,0.26,arm,0.005540537,0.99445945,cant.be.det
CAM047718,Brazil,Mato Grosso,-12.471389,-55.671667,NA,3.05,arm,1E-04,0.999899983,male
CAM047719,Brazil,Mato Grosso,-12.471389,-55.671667,NA,0.14,arm,0.009939261,0.990060687,cant.be.det
CAM047720,Brazil,Mato Grosso,-12.471389,-55.671667,NA,0.36,arm,0.001836311,0.9981637,cant.be.det
CAM047723,Brazil,Mato Grosso,-12.471389,-55.671667,NA,2.16,arm,0.005791974,0.994208038,male
CAM047726,Brazil,Mato Grosso,-12.471389,-55.671667,NA,3.29,arm,1E-04,0.999899983,female
CAM047727,Brazil,Mato Grosso,-12.471389,-55.671667,NA,1.38,arm,0.002859989,0.99714005,female
CAM047728,Brazil,Mato Grosso,-12.471389,-55.671667,NA,4.14,arm,1E-04,0.999899983,male
CAM047729,Brazil,Mato Grosso,-12.471389,-55.671667,NA,6.01,arm,0.017345037,0.982654989,male
CAM047730,Brazil,Mato Grosso,-12.471389,-55.671667,NA,5.32,arm,0.008004534,0.991995513,female
CAM047733,Brazil,Mato Grosso,-12.471389,-55.671667,NA,4.08,arm,1E-04,0.999899983,female
CAM047738,Brazil,Mato Grosso do Sul,-18.741111,-52.5575,NA,3.75,arm,0.006841234,0.993158758,male
CAM047739,Brazil,Mato Grosso do Sul,-18.741111,-52.5575,NA,6.11,arm,1E-04,0.999899983,male
CAM047740,Brazil,Mato Grosso do Sul,-18.741111,-52.5575,NA,6.49,arm,0.008547559,0.991452456,female
CAM047741,Brazil,Mato Grosso do Sul,-18.741111,-52.5575,NA,7.49,arm,0.008027628,0.991972387,female
CAM047742,Brazil,Mato Grosso do Sul,-18.741111,-52.5575,NA,6.99,arm,0.007954192,0.99204582,male
CAM047743,Brazil,Mato Grosso do Sul,-18.741111,-52.5575,NA,5.86,arm,1E-04,0.999899983,female
CAM047745,Brazil,Mato Grosso do Sul,-18.741111,-52.5575,NA,4.43,arm,0.003161677,0.996838272,female
CAM047747,Brazil,Mato Grosso do Sul,-18.741111,-52.5575,NA,2.19,arm,0.001577093,0.998422921,female
CAM047748,Brazil,Mato Grosso do Sul,-18.741111,-52.5575,NA,3.42,arm,0.015021619,0.984978378,female
CAM047749,Brazil,Mato Grosso do Sul,-18.741111,-52.5575,NA,4.81,arm,0.005338725,0.994661272,male
CAM047753,Brazil,Mato Grosso do Sul,-18.741111,-52.5575,NA,2.11,arm,0.009111072,0.990888894,male
CAM047754,Brazil,Mato Grosso do Sul,-18.741111,-52.5575,NA,4.89,arm,0.006935473,0.993064523,male
CAM047755,Brazil,Mato Grosso,-17.073333,-54.245833,NA,6.16,arm,0.005490788,0.99450922,male
CAM047756,Brazil,Mato Grosso,-17.073333,-54.245833,NA,0.58,arm,0.000100013,0.999899983,cant.be.det
CAM047757,Brazil,Mato Grosso,-17.073333,-54.245833,NA,0.05,hyb,0.345249653,0.654750347,cant.be.det
CAM047758,Brazil,Mato Grosso,-17.073333,-54.245833,NA,0.24,arm,0.046012282,0.953987718,cant.be.det
CAM047759,Brazil,Mato Grosso,-17.073333,-54.245833,NA,0.06,hyb,0.395046562,0.604953468,cant.be.det
CAM047760,Brazil,Mato Grosso,-17.073333,-54.245833,NA,1.2,arm,0.004823899,0.995176077,female
CAM047761,Brazil,Mato Grosso,-17.073333,-54.245833,NA,0.26,arm,0.027720818,0.972279131,cant.be.det
CAM047762,Brazil,Mato Grosso,-17.073333,-54.245833,NA,0.25,arm,0.025435135,0.97456491,cant.be.det
CAM047773,Brazil,Mato Grosso,-10.16450102,-54.92391136,NA,5.8,zea,0.999899983,1E-04,male
CAM047774,Brazil,Mato Grosso,-10.16450102,-54.92391136,NA,5.54,zea,0.999899983,1E-04,female
CAM047775,Brazil,Mato Grosso,-10.16450102,-54.92391136,NA,4.61,zea,0.999899983,1E-04,male
CAM047776,Brazil,Mato Grosso,-10.16450102,-54.92391136,NA,6.17,zea,0.999899983,1E-04,male
CAM047777,Brazil,Mato Grosso,-10.16450102,-54.92391136,NA,6.77,zea,0.999899983,1E-04,male
CAM047778,Brazil,Mato Grosso,-10.16450102,-54.92391136,NA,4.48,zea,0.999899983,1E-04,female
CAM047779,Brazil,Mato Grosso,-10.16450102,-54.92391136,NA,6.1,zea,0.999899983,1E-04,female
CAM047780,Brazil,Mato Grosso,-10.16450102,-54.92391136,NA,4.82,zea,0.999899983,1E-04,female
CAM047781,Brazil,Mato Grosso,-10.16450102,-54.92391136,NA,6.04,zea,0.999899983,1E-04,female
CAM047782,Brazil,Mato Grosso,-10.65553244,-51.57020304,NA,4.6,zea,0.999899983,1E-04,male
CAM047783,Brazil,Mato Grosso,-10.65553244,-51.57020304,NA,3.74,zea,0.999899983,1E-04,female
CAM047784,Brazil,Mato Grosso,-10.65553244,-51.57020304,NA,5.89,zea,0.999899983,1E-04,male
CAM047785,Brazil,Mato Grosso,-10.65553244,-51.57020304,NA,5.11,zea,0.999899983,1E-04,male
CAM047786,Brazil,Mato Grosso,-10.65553244,-51.57020304,NA,5.03,zea,0.999899983,1E-04,female
CAM047787,Brazil,Mato Grosso,-10.65553244,-51.57020304,NA,5.36,zea,0.999899983,1E-04,male
CAM047788,Brazil,Mato Grosso,-10.65553244,-51.57020304,NA,3.75,zea,0.999899983,1E-04,male
CAM047789,Brazil,Mato Grosso,-10.65553244,-51.57020304,NA,5.26,zea,0.999899924,0.000100072,male
CAM047790,Brazil,Mato Grosso,-10.65553244,-51.57020304,NA,4.32,zea,0.999899924,0.000100068,female
CAM047791,Brazil,Mato Grosso,-10.65553244,-51.57020304,NA,5.21,zea,0.999899983,1E-04,male
CAM047792,Brazil,Mato Grosso,-15.54555881,-55.16437928,NA,5.59,zea,0.999899983,1E-04,male
CAM047793,Brazil,Mato Grosso,-15.54555881,-55.16437928,NA,5.16,zea,0.999899983,1E-04,male
CAM047794,Brazil,Mato Grosso,-15.54555881,-55.16437928,NA,5.14,zea,0.999899983,1E-04,male
CAM047795,Brazil,Mato Grosso,-15.54555881,-55.16437928,NA,5.58,zea,0.999899983,1E-04,male
CAM047796,Brazil,Mato Grosso,-15.54555881,-55.16437928,NA,4.5,zea,0.999899983,1E-04,male
CAM047797,Brazil,Mato Grosso,-15.54555881,-55.16437928,NA,5.64,zea,0.999899983,1E-04,female
CAM047798,Brazil,Mato Grosso,-13.72070764,-59.26053536,NA,4.03,zea,0.999899983,0.000100004,female
CAM047799,Brazil,Mato Grosso,-13.72070764,-59.26053536,NA,4.41,zea,0.999899983,1E-04,male
CAM047800,Brazil,Mato Grosso,-13.72070764,-59.26053536,NA,5.27,zea,0.999899983,0.000100021,female
CAM047801,Brazil,Mato Grosso,-13.72070764,-59.26053536,NA,5.7,zea,0.999899983,1E-04,male
CAM047802,Brazil,Mato Grosso,-13.72070764,-59.26053536,NA,5.73,zea,0.999899983,1E-04,female
CAM047803,Brazil,Mato Grosso,-13.72070764,-59.26053536,NA,4.27,zea,0.999899983,1E-04,male
CAM047804,Brazil,Mato Grosso,-13.72070764,-59.26053536,NA,4.15,zea,0.999899983,1E-04,male
CAM047806,Brazil,Mato Grosso,-13.72070764,-59.26053536,NA,4.99,zea,0.992783666,0.007216342,male
CAM047807,Brazil,Mato Grosso,-13.72070764,-59.26053536,NA,2.43,zea,0.999899983,1E-04,male
CAM047808,Brazil,Mato Grosso,-13.72070764,-59.26053536,NA,5.91,zea,0.999899983,1E-04,male
CAM047809,Brazil,Mato Grosso,-13.72070764,-59.26053536,NA,5.06,zea,0.999899983,1E-04,male
CAM047810,Brazil,Mato Grosso,-13.72070764,-59.26053536,NA,5.46,zea,0.999899983,1E-04,male
CAM047811,Brazil,Mato Grosso,-13.72070764,-59.26053536,NA,4.74,zea,0.999866664,0.00013333,male
CAM047812,Brazil,Mato Grosso,-13.72070764,-59.26053536,NA,3.65,zea,0.999897897,0.000102113,female
CAM047823,Brazil,Goias,-16.76257063,-47.57095791,NA,5.65,hyb,0.732800066,0.267199934,male
CAM047824,Brazil,Goias,-16.76257063,-47.57095791,NA,2.71,zea,0.999621034,0.000378915,male
CAM047825,Brazil,Goias,-16.76257063,-47.57095791,NA,4.23,zea,0.999899983,1E-04,male
CAM047826,Brazil,Goias,-16.76257063,-47.57095791,NA,5.5,zea,0.999899983,1E-04,male
CAM047827,Brazil,Goias,-16.76257063,-47.57095791,NA,5.02,zea,0.999899983,1E-04,female
CAM047828,Brazil,Goias,-16.76257063,-47.57095791,NA,5.18,zea,0.999899983,1E-04,female
CAM047829,Brazil,Goias,-16.76257063,-47.57095791,NA,3.62,zea,0.999899983,1E-04,female
CAM047830,Brazil,Goias,-16.76257063,-47.57095791,NA,3.98,zea,0.999899983,1E-04,female
CAM047831,Brazil,Goias,-16.76257063,-47.57095791,NA,4.53,zea,0.999899983,1E-04,male
CAM047850,Brazil,Bahia,-11.751111,-45.778056,NA,3.27,arm,0.00162198,0.998378038,female
CAM047851,Brazil,Bahia,-11.751111,-45.778056,NA,6.13,arm,0.008647639,0.99135232,male
CAM047852,Brazil,Bahia,-11.751111,-45.778056,NA,8.02,arm,0.011345851,0.988654137,male
CAM047854,Brazil,Bahia,-11.751111,-45.778056,NA,5.78,arm,0.017633803,0.982366204,female
CAM047855,Brazil,Bahia,-11.751111,-45.778056,NA,9.9,arm,0.015699642,0.984300375,female
CAM047856,Brazil,Bahia,-11.751111,-45.778056,NA,5.43,arm,0.005286333,0.994713664,male
CAM047857,Brazil,Bahia,-11.751111,-45.778056,NA,4.08,arm,0.016527509,0.983472526,male
CAM047859,Brazil,Bahia,-11.691111,-46.004722,NA,7.53,arm,0.014708552,0.985291481,male
CAM047860,Brazil,Bahia,-11.691111,-46.004722,NA,7.22,arm,0.02711729,0.972882688,female
CAM047861,Brazil,Bahia,-11.691111,-46.004722,NA,0.45,arm,0.033112559,0.966887474,cant.be.det
CAM047862,Brazil,Bahia,-11.691111,-46.004722,NA,1.21,arm,0.011987667,0.988012314,female
CAM047863,Brazil,Bahia,-11.691111,-46.004722,NA,0.14,hyb,0.172785357,0.827214658,cant.be.det
CAM047864,Brazil,Bahia,-11.691111,-46.004722,NA,3.47,arm,0.009182025,0.990817964,female
CAM047865,Brazil,Bahia,-11.691111,-46.004722,NA,0.08,hyb,0.474434584,0.525565445,cant.be.det
CAM047866,Brazil,Bahia,-11.691111,-46.004722,NA,3.75,arm,0.013709135,0.986290872,female
CAM047867,Brazil,Bahia,-11.691111,-46.004722,NA,2.99,arm,0.015156191,0.98484385,male
CAM047868,Brazil,Bahia,-11.691111,-46.004722,NA,8,arm,0.020558078,0.979441941,female
CAM047898,Brazil,Mato Grosso do Sul,-18.211389,-53.204722,NA,5.57,arm,0.00624583,0.993754208,male
CAM047899,Brazil,Mato Grosso do Sul,-18.211389,-53.204722,NA,5.4,zea,0.999899983,1E-04,female
CAM047900,Brazil,Mato Grosso do Sul,-18.211389,-53.204722,NA,0.26,arm,0.032922935,0.967077017,cant.be.det
CAM047901,Brazil,Mato Grosso do Sul,-18.211389,-53.204722,NA,3.13,zea,0.999899983,1E-04,female
CAM047902,Brazil,Mato Grosso do Sul,-18.211389,-53.204722,NA,2.94,zea,0.999899983,1E-04,male
CAM047903,Brazil,Mato Grosso do Sul,-18.211389,-53.204722,NA,1.98,zea,0.999899983,1E-04,female
CAM047904,Brazil,Mato Grosso do Sul,-18.211389,-53.204722,NA,3.21,zea,0.999899983,1E-04,female
CAM047905,Brazil,Mato Grosso do Sul,-18.211389,-53.204722,NA,1.93,arm,1E-04,0.999899983,male
CAM047907,Brazil,Mato Grosso do Sul,-18.211389,-53.204722,NA,4.58,arm,1E-04,0.999899983,male
CAM047908,Brazil,Mato Grosso do Sul,-18.211389,-53.204722,NA,4.84,arm,1E-04,0.999899983,male
CAM047910,Brazil,Mato Grosso do Sul,-18.211389,-53.204722,NA,0.3,arm,1E-04,0.999899983,cant.be.det
CAM047911,Brazil,Mato Grosso do Sul,-18.211389,-53.204722,NA,4.23,arm,0.002216454,0.997783542,male
CAM047912,Brazil,Mato Grosso do Sul,-18.211389,-53.204722,NA,3.99,arm,0.000646671,0.99935329,female
CAM047913,Brazil,Mato Grosso do Sul,-18.211389,-53.204722,NA,7.99,arm,0.002362567,0.997637451,female
CAM047914,Brazil,Mato Grosso do Sul,-18.211389,-53.204722,NA,0,hyb,0.27666539,0.72333461,cant.be.det
CAM047915,Brazil,Goias,-16.483611,-47.913111,NA,0.91,arm,1E-04,0.999899983,cant.be.det
CAM047916,Brazil,Goias,-16.483611,-47.913111,NA,0.87,arm,0.011335365,0.988664627,cant.be.det
CAM047917,Brazil,Goias,-16.483611,-47.913111,NA,4.73,arm,0.000979297,0.999020696,male
CAM047919,Brazil,Goias,-16.483611,-47.913111,NA,5.49,arm,0.002337277,0.997662723,male
CAM047920,Brazil,Goias,-16.483611,-47.913111,NA,0.07,arm,0.079462789,0.920537174,cant.be.det
CAM047921,Brazil,Goias,-16.483611,-47.913111,NA,2.4,arm,0.007326289,0.992673695,female
CAM047922,Brazil,Goias,-16.483611,-47.913111,NA,0.36,arm,0.050017007,0.949983001,cant.be.det
CAM047923,Brazil,Goias,-16.483611,-47.913111,NA,4.11,arm,1E-04,0.999899983,female
CAM047924,Brazil,Goias,-16.483611,-47.913111,NA,2.07,arm,0.007230008,0.992769957,male
CAM047925,Brazil,Goias,-16.483611,-47.913111,NA,0.64,arm,0.010265773,0.989734232,cant.be.det
CAM047927,Brazil,Goias,-16.483611,-47.913111,NA,5.28,arm,0.002888695,0.997111261,female
CAM047928,Brazil,Goias,-16.483611,-47.913111,NA,5.52,arm,0.000215709,0.999784291,male
CAM047929,Brazil,Goias,-16.483611,-47.913111,NA,5.47,arm,0.002159131,0.997840822,female
CAM047931,Brazil,Mato Grosso do Sul,-18.211389,-53.204722,NA,5.4,zea,0.999899983,1E-04,male
CAM047932,Brazil,Mato Grosso do Sul,-18.211389,-53.204722,NA,0.49,arm,0.046803933,0.953196108,cant.be.det
CAM047933,Brazil,Bahia,-13.34251159,-44.63518943,NA,4.52,zea,0.999899983,1E-04,male
CAM047934,Brazil,Bahia,-13.34251159,-44.63518943,NA,6.7,zea,0.999899983,1E-04,male
CAM047935,Brazil,Bahia,-13.34251159,-44.63518943,NA,4.89,zea,0.999899983,1E-04,female
CAM047936,Brazil,Bahia,-13.34251159,-44.63518943,NA,7.52,zea,0.999899983,1E-04,male
CAM047938,Brazil,Bahia,-13.34251159,-44.63518943,NA,6.34,zea,0.999899983,1E-04,female
CAM047939,Brazil,Bahia,-13.34251159,-44.63518943,NA,6.61,zea,0.999899983,1E-04,male
CAM047940,Brazil,Bahia,-13.34251159,-44.63518943,NA,6.75,zea,0.999899983,1E-04,female
CAM047942,Brazil,Bahia,-13.34251159,-44.63518943,NA,6.4,zea,0.999899983,1E-04,male
CAM047943,Brazil,Bahia,-13.34251159,-44.63518943,NA,6.12,zea,0.999899983,1E-04,male
CAM047944,Brazil,Bahia,-13.34251159,-44.63518943,NA,6.52,zea,0.999899983,1E-04,male
CAM047945,Brazil,Bahia,-13.34251159,-44.63518943,NA,6.46,zea,0.999899924,0.000100038,female
CAM047946,Brazil,Bahia,-13.34251159,-44.63518943,NA,6.56,zea,0.999899983,1E-04,male
CAM047947,Brazil,Bahia,-13.34251159,-44.63518943,NA,6.07,zea,0.999899983,1E-04,female
CAM047967,Brazil,Minas Gerais,-20.72202261,-46.61361512,NA,5.18,zea,0.999899983,1E-04,male
CAM047968,Brazil,Minas Gerais,-20.72202261,-46.61361512,NA,5.17,zea,0.999899983,1E-04,female
CAM047969,Brazil,Minas Gerais,-20.72202261,-46.61361512,NA,6.33,zea,0.999899983,1E-04,female
CAM047970,Brazil,Minas Gerais,-20.72202261,-46.61361512,NA,6.27,zea,0.999899864,0.000100104,female
CAM047971,Brazil,Minas Gerais,-20.72202261,-46.61361512,NA,6.7,zea,0.999899983,1E-04,female
CAM047972,Brazil,Minas Gerais,-20.72202261,-46.61361512,NA,6.27,zea,0.999899983,1E-04,female
CAM047973,Brazil,Minas Gerais,-20.72202261,-46.61361512,NA,6.01,zea,0.999899983,1E-04,female
CAM047974,Brazil,Minas Gerais,-20.72202261,-46.61361512,NA,6.54,zea,0.999899983,1E-04,female
CAM047975,Brazil,Minas Gerais,-20.72202261,-46.61361512,NA,6.29,zea,0.999899983,1E-04,male
CAM047976,Brazil,Minas Gerais,-20.72202261,-46.61361512,NA,5.28,zea,0.999899983,1E-04,female
CAM047977,Brazil,Minas Gerais,-20.72202261,-46.61361512,NA,6.71,zea,0.999899983,1E-04,female
CAM047978,Brazil,Minas Gerais,-20.72202261,-46.61361512,NA,6.37,zea,0.999899983,1E-04,female
CAM047979,Brazil,Minas Gerais,-20.72202261,-46.61361512,NA,6.53,zea,0.999899924,0.000100072,female
CAM047980,Brazil,Minas Gerais,-20.72202261,-46.61361512,NA,5.78,zea,0.999899983,1E-04,male
CAM047981,Brazil,Minas Gerais,-20.72202261,-46.61361512,NA,6.73,zea,0.999899983,1E-04,female
CAM047983,Brazil,Sao paulo,-22.05682279,-46.97921381,NA,5.85,zea,0.999899983,1E-04,male
CAM047984,Brazil,Sao paulo,-22.05682279,-46.97921381,NA,5.32,zea,0.999899983,1E-04,male
CAM047985,Brazil,Sao paulo,-22.05682279,-46.97921381,NA,5.79,zea,0.999899983,1E-04,male
CAM047986,Brazil,Sao paulo,-22.05682279,-46.97921381,NA,6.42,zea,0.991870701,0.008129302,male
CAM047987,Brazil,Sao paulo,-22.05682279,-46.97921381,NA,7.29,zea,0.999899983,1E-04,female
CAM047988,Brazil,Sao paulo,-22.05682279,-46.97921381,NA,5.66,zea,0.999899983,1E-04,male
CAM047989,Brazil,Sao paulo,-22.05682279,-46.97921381,NA,5.39,zea,0.999899983,1E-04,male
CAM047990,Brazil,Sao paulo,-22.05682279,-46.97921381,NA,6.83,zea,0.999899983,1E-04,female
CAM047991,Brazil,Sao paulo,-22.05682279,-46.97921381,NA,5.5,zea,0.999899983,1E-04,male
CAM047992,Brazil,Sao paulo,-22.05682279,-46.97921381,NA,5.65,zea,0.999899983,1E-04,female
CAM047993,Brazil,Sao paulo,-22.05682279,-46.97921381,NA,5.19,zea,0.999899983,1E-04,female
CAM047994,Brazil,Sao paulo,-22.05682279,-46.97921381,NA,6.19,zea,0.999899983,1E-04,male
CAM047996,Brazil,Sao paulo,-22.05682279,-46.97921381,NA,7.35,zea,0.999899983,1E-04,female
CAM047998,Brazil,Goias,-16.449722,-47.661389,NA,3.45,zea,0.999899447,0.000100536,cant.be.det
CAM048000,Brazil,Goias,-16.449722,-47.661389,NA,2.92,zea,0.999899983,1E-04,male
CAM048001,Brazil,Goias,-16.449722,-47.661389,NA,4.67,zea,0.999899983,1E-04,female
CAM048002,Brazil,Goias,-16.449722,-47.661389,NA,3.73,zea,0.999899983,1E-04,male
CAM048005,Brazil,Goias,-16.449722,-47.661389,NA,5.62,zea,0.999899983,1E-04,male
CAM048006,Brazil,Goias,-16.449722,-47.661389,NA,7.06,zea,0.999899983,1E-04,male
CAM048007,Brazil,Goias,-16.449722,-47.661389,NA,3.85,zea,0.999899983,1E-04,male
CAM048011,Brazil,Goias,-16.449722,-47.661389,NA,5.67,zea,0.999899983,1E-04,male
CAM048012,Brazil,Goias,-16.449722,-47.661389,NA,5.56,zea,0.999899983,1E-04,female
CAM048013,Brazil,Goias,-16.449722,-47.661389,NA,5.94,zea,0.999899924,0.000100087,cant.be.det
CAM048014,Brazil,Goias,-16.449722,-47.661389,NA,5.94,zea,0.999899983,1E-04,cant.be.det
CAM048015,Brazil,Goias,-16.449722,-47.661389,NA,5.66,zea,0.999899983,1E-04,cant.be.det
CAM048016,Brazil,Goias,-16.449722,-47.661389,NA,4.11,zea,0.999899983,1E-04,female
CAM048017,Brazil,Goias,-16.449722,-47.661389,NA,6.53,zea,0.999899983,1E-04,female
CAM048018,Brazil,Goias,-16.449722,-47.661389,NA,6.01,zea,0.999899983,1E-04,cant.be.det
CAM048019,Brazil,Goias,-16.449722,-47.661389,NA,6.5,zea,0.999899983,1E-04,male
CAM048020,Brazil,Goias,-16.449722,-47.661389,NA,5.29,zea,0.999899983,1E-04,cant.be.det
CAM048021,Brazil,Goias,-16.449722,-47.661389,NA,6.3,zea,0.999899983,1E-04,female
CAM048022,Brazil,Goias,-16.449722,-47.661389,NA,5.73,zea,0.999899983,1E-04,female
CAM048023,Brazil,Goias,-16.449722,-47.661389,NA,5.68,zea,0.999899983,1E-04,male
CAM048024,Brazil,Mato Grosso do Sul,-18.748333,-52.595556,NA,0.72,arm,0.005385582,0.994614422,cant.be.det
CAM048025,Brazil,Mato Grosso do Sul,-18.748333,-52.595556,NA,5.12,arm,0.003476558,0.996523499,female
CAM048026,Brazil,Mato Grosso do Sul,-18.748333,-52.595556,NA,0.4,arm,0.055534385,0.944465637,cant.be.det
CAM048027,Brazil,Mato Grosso do Sul,-18.748333,-52.595556,NA,5.53,arm,0.000102584,0.99989742,male
CAM048028,Brazil,Mato Grosso do Sul,-18.748333,-52.595556,NA,5.88,arm,0.012052087,0.987947881,male
CAM048029,Brazil,Mato Grosso do Sul,-18.748333,-52.595556,NA,5.02,arm,1E-04,0.999899983,female
CAM048030,Brazil,Mato Grosso do Sul,-18.748333,-52.595556,NA,1.99,arm,0.016094554,0.983905435,cant.be.det
CAM048031,Brazil,Mato Grosso do Sul,-18.748333,-52.595556,NA,0.98,arm,0.024556451,0.975443542,cant.be.det
H2B21_S6,Brazil,Mato Grosso,NA,NA,NA,20.81,zea,0.999899983,1E-04,female
H2B22_S7,Brazil,Mato Grosso,NA,NA,NA,25.09,zea,0.999899983,1E-04,male
H2B23_S8,Brazil,Mato Grosso,NA,NA,NA,24.68,zea,0.999899983,1E-04,male
H2B24_S9,Brazil,Mato Grosso,NA,NA,NA,22.45,zea,0.999899983,1E-04,female
Index_125_702_501,Brazil,Mato Grosso,NA,NA,NA,1.93,arm,0.001383114,0.998616874,male
Index_131_704_501,Brazil,Mato Grosso,NA,NA,NA,2.89,arm,1E-04,0.999899983,female
Index_132_705_502,Brazil,Mato Grosso,NA,NA,NA,1.17,zea,0.993755937,0.006244052,female
Index_134_705_503,Brazil,Mato Grosso,NA,NA,NA,1.54,zea,0.999899983,1E-04,male
Index_70_703_503,Brazil,Mato Grosso,NA,NA,NA,3.39,zea,0.999899983,1E-04,male
Index_73_702_503,Brazil,Mato Grosso,NA,NA,NA,4.11,zea,0.999899983,1E-04,male
Index_BRA2_704_503,Brazil,Mato Grosso,NA,NA,NA,4.89,arm,0.00010968,0.999890327,male
Index_BRA4_701_504,Brazil,Mato Grosso,NA,NA,NA,3.63,arm,0.014446561,0.985553443,female
Index_TPG2_701_501,Brazil,Goias,NA,NA,NA,3.27,arm,1E-04,0.999899983,male
TMG4_N701_S501,Brazil,Goias,NA,NA,NA,18.09,hyb,0.516669273,0.483330727,male